game_number,game_id,opponent,result,start,minutes,fg,fga,fg_pct,two_fg,two_fga,two_pct,three_fg,three_fga,three_pct,ft,fta,ft_pct,PPS_two,PPS_three,PPS,o_reb,d_reb,tot_reb,ast,stl,blk,tov,foul,pts,offball_zone_three,frames_three,offball_zone_four,frames_four,offball_zone_five,frames_five,ball_three,frames_three_ball,ball_four,frames_four_ball,ball_five,frames_five_ball,name,position
1,20141114,Presbyterian,W,1,23,9,10,0.9,9,10,0.9,0,0,NaN,1,2,0.5,1.8,NaN,1.9,1,5,6,4,0,1,0,2,19,0.7957168231896876,211,0.7253148072143386,21,0.820117296269755,11,0.7947542941659649,25,1.6782736787097197,1,NaN,NA,Jahlil Okafor,C
2,20141115,Fairfield,W,1,27,8,10,0.8,8,10,0.8,0,0,NaN,1,3,0.3333333333333333,1.6,NaN,1.7,3,6,9,2,1,2,5,3,17,0.7174214876115054,336,0.7592329268593526,30,0.8617682727334431,15,0.8479174451749325,37,1.027388870125107,3,0.8708264539614368,5,Jahlil Okafor,C
3,20141118,Michigan State,W,1,30,8,10,0.8,8,10,0.8,0,0,NaN,1,2,0.5,1.6,NaN,1.7,1,4,5,1,2,2,3,4,17,0.8587759982815314,330,0.8552406157190978,62,0.901593869836887,36,0.8293788125171149,29,0.8158306780175947,2,1.030903272809877,3,Jahlil Okafor,C
4,20141121,Temple,W,1,27,7,20,0.35,7,20,0.35,0,0,NaN,2,2,1,0.7,NaN,0.8,7,1,8,1,1,2,2,2,16,0.8675665123858092,307,0.6955428511418537,43,1.2415107721807135,30,0.7344620439547936,53,0.6425990464902354,2,NaN,NA,Jahlil Okafor,C
5,20141122,Stanford,W,1,34,4,10,0.4,4,10,0.4,0,0,NaN,2,4,0.5,0.8,NaN,1,6,6,12,1,1,1,3,3,10,0.7532570636789809,469,0.7478158866209885,59,0.9039268283781917,39,0.9994005439284069,24,0.9938362302323999,7,1.05540563821262,9,Jahlil Okafor,C
6,20141126,Furman,W,1,26,12,14,0.8571428571428571,12,14,0.8571428571428571,0,0,NaN,0,1,0,1.7142857142857142,NaN,1.7142857142857142,4,3,7,3,0,2,1,1,24,0.8407349933184405,307,0.9587436651439819,22,0.8898687257082376,25,0.8795660977640128,30,3.0220332088593276,1,NaN,NA,Jahlil Okafor,C
7,20141130,Army,W,1,25,8,14,0.5714285714285714,8,14,0.5714285714285714,0,0,NaN,5,9,0.5555555555555556,1.1428571428571428,NaN,1.5,6,2,8,0,1,1,1,0,21,0.8707449700197805,292,0.8883774541349455,53,0.9032072713822402,36,0.8540410025989958,42,0.9378008923473112,6,NaN,NA,Jahlil Okafor,C
9,20141215,Elon,W,1,29,10,14,0.7142857142857143,10,14,0.7142857142857143,0,0,NaN,5,11,0.45454545454545453,1.4285714285714286,NaN,1.7857142857142858,10,10,20,1,2,3,4,0,25,0.7727220869768894,281,0.7879684888262621,36,0.7510205658072694,28,0.7632681621070887,35,1.0676103782460222,2,1.0626987559188747,2,Jahlil Okafor,C
11,20141229,Toledo,W,1,31,12,15,0.8,12,15,0.8,0,0,NaN,3,6,0.5,1.6,NaN,1.8,2,6,8,1,0,1,3,1,27,0.8521005187439258,320,0.840811434978753,47,0.6872431854542909,10,0.8395192621587902,38,1.0295205427287022,7,NaN,NA,Jahlil Okafor,C
12,20141231,Wofford,W,1,32,11,13,0.8461538461538461,11,13,0.8461538461538461,0,0,NaN,2,5,0.4,1.6923076923076923,NaN,1.8461538461538463,1,7,8,1,2,2,2,1,24,0.8476406452099193,350,0.7201950268397169,35,0.9664408730581284,6,0.8013281211512812,47,0.8422413821824616,10,NaN,NA,Jahlil Okafor,C
13,20150103,Boston College,W,1,30,7,11,0.6363636363636364,7,11,0.6363636363636364,0,0,NaN,14,17,0.8235294117647058,1.2727272727272727,NaN,2.5454545454545454,4,4,8,1,0,4,2,3,28,0.8014437868303561,393,0.7796423956979857,21,0.8223513770037469,14,0.8162050171939527,30,0.9753002693424339,3,NaN,NA,Jahlil Okafor,C
16,20150113,Miami (FL),L,1,33,6,13,0.46153846153846156,6,13,0.46153846153846156,0,0,NaN,3,5,0.6,0.9230769230769231,NaN,1.1538461538461537,8,7,15,0,0,0,2,2,15,0.8666988544466834,452,0.7860095201090234,34,0.7078495098066531,22,0.8468499207353513,44,0.6321273361471272,3,0.933494102977495,2,Jahlil Okafor,C
18,20150119,Pitt,W,1,28,5,9,0.5555555555555556,5,9,0.5555555555555556,0,0,NaN,4,6,0.6666666666666666,1.1111111111111112,NaN,1.5555555555555556,1,2,3,5,0,1,2,3,14,0.8278359922219977,442,0.8475145649773514,28,1.002707987956207,23,0.8212737397840497,53,1.1305002187896438,4,0.8745402093262602,2,Jahlil Okafor,C
22,20150204,Georgia Tech,W,1,33,5,12,0.4166666666666667,5,12,0.4166666666666667,0,0,NaN,4,8,0.5,0.8333333333333334,NaN,1.1666666666666667,3,5,8,0,1,2,3,3,14,0.7854867192477905,418,0.7636816303028225,71,1.22474035970037,40,0.845702487566019,44,0.987930835204896,3,0.7977957295012202,3,Jahlil Okafor,C
23,20150207,Notre Dame,W,1,23,9,11,0.8181818181818182,9,11,0.8181818181818182,0,0,NaN,2,2,1,1.6363636363636365,NaN,1.8181818181818181,4,6,10,0,2,1,3,3,20,0.8012405015129354,321,0.8112182919045781,59,0.8309529497216627,19,0.8222609868712878,37,NaN,NA,1.099537319476356,1,Jahlil Okafor,C
26,20150218,UNC,W,1,41,6,11,0.5454545454545454,6,11,0.5454545454545454,0,0,NaN,0,6,0,1.0909090909090908,NaN,1.0909090909090908,4,9,13,3,2,1,5,1,12,0.7309873271264917,486,0.7374723484119914,66,0.9017268315156833,57,0.8339142522837818,45,0.8368604833113027,10,0.7868489093398016,12,Jahlil Okafor,C
29,20150304,Wake Forest,W,1,19,2,2,1,2,2,1,0,0,NaN,2,3,0.6666666666666666,2,NaN,3,0,4,4,1,0,0,3,2,6,0.8916147447260692,251,0.8857361743605058,37,0.8142007789098074,30,0.8247180244418071,23,0.8659474475719253,4,0.6678579225611951,2,Jahlil Okafor,C
31,20150312,NC State,W,1,19,5,8,0.625,5,8,0.625,0,0,NaN,0,0,NaN,1.25,NaN,1.25,2,2,4,1,0,1,1,3,10,0.6698388336114213,192,0.890163691949995,38,0.8497442003706043,18,0.7492239539393356,41,0.8912780841407144,2,0.5553707665881562,4,Jahlil Okafor,C
32,20150313,Notre Dame,L,1,35,13,18,0.7222222222222222,13,18,0.7222222222222222,0,0,NaN,2,8,0.25,1.4444444444444444,NaN,1.5555555555555556,3,5,8,0,1,2,1,3,28,0.8336878923095579,297,0.8558022082452077,31,0.8971138932053678,38,0.8237053300078018,38,0.8598762832778747,8,1.0301408714347504,8,Jahlil Okafor,C
33,20150320,Robert Morris,W,1,21,9,11,0.8181818181818182,9,11,0.8181818181818182,0,0,NaN,3,6,0.5,1.6363636363636365,NaN,1.9090909090909092,0,3,3,1,1,2,2,0,21,0.5813789818781285,302,0.5662735341967762,13,1.2816001553801761,5,1.0080516075305044,17,NaN,NA,NaN,NA,Jahlil Okafor,C
34,20150322,San Diego State,W,1,33,12,16,0.75,12,16,0.75,0,0,NaN,2,2,1,1.5,NaN,1.625,1,5,6,2,1,3,2,1,26,0.9229348329640128,393,0.8753721560383912,61,0.9513539014318598,48,0.8519995874038803,52,0.882104255258777,15,0.7919042162977314,3,Jahlil Okafor,C
1,20141114,Presbyterian,W,1,25,5,11,0.45454545454545453,1,1,1,4,10,0.4,0,0,NaN,2,1.2,1.2727272727272727,1,4,5,5,2,0,0,0,14,0.8650234524685145,11,0.9031695616776019,19,0.8534886101141957,173,0.9313219200654572,4,0.9853264592874955,9,0.955952361050134,80,Quinn Cook,G
2,20141115,Fairfield,W,1,27,7,9,0.7777777777777778,4,5,0.8,3,4,0.75,0,0,NaN,1.6,2.25,1.8888888888888888,0,2,2,4,1,0,1,1,17,0.7676777307892568,13,0.7126717462415716,15,0.8905241020025727,281,0.6376925789080282,6,0.8833655817812227,10,0.9639545231074351,114,Quinn Cook,G
3,20141118,Michigan State,W,1,36,7,12,0.5833333333333334,4,8,0.5,3,4,0.75,2,2,1,1,2.25,1.5833333333333333,1,2,3,6,1,0,0,2,19,0.8395503679149542,28,1.0384294809313497,30,0.9941534077519162,337,0.8381944435571136,11,1.1419224610035708,11,1.115708129421239,202,Quinn Cook,G
4,20141121,Temple,W,1,34,6,12,0.5,3,4,0.75,3,8,0.375,2,2,1,1.5,1.125,1.4166666666666667,0,5,5,1,2,0,2,2,17,0.745834194405135,34,0.8918740155523119,34,0.9484118661011154,362,1.0563807983321702,6,0.9769092285571029,19,1.0374806705658595,93,Quinn Cook,G
5,20141122,Stanford,W,1,39,5,12,0.4166666666666667,1,3,0.3333333333333333,4,9,0.4444444444444444,4,4,1,0.6666666666666666,1.3333333333333333,1.5,0,3,3,5,1,0,1,2,18,0.6442338702916396,29,0.8173151308676815,22,0.9469804604939008,385,1.0327605177589267,8,1.0655442698685997,20,1.0462282959568263,225,Quinn Cook,G
6,20141126,Furman,W,1,24,4,10,0.4,1,1,1,3,9,0.3333333333333333,0,0,NaN,2,1,1.1,0,3,3,5,1,0,1,2,11,0.6604338152707813,15,1.0004060440871667,18,0.8073358417968567,184,1.5714732570343541,3,1.1529996887110372,6,0.9225470115315697,103,Quinn Cook,G
7,20141130,Army,W,1,30,5,12,0.4166666666666667,4,7,0.5714285714285714,1,5,0.2,2,2,1,1.1428571428571428,0.6,1.0833333333333333,0,2,2,2,3,0,1,1,13,0.7915649095618466,42,0.8227259229189409,37,0.9338820228825953,248,1.0770340764494661,10,1.1217539458971095,20,1.1069571549595247,109,Quinn Cook,G
9,20141215,Elon,W,1,35,3,9,0.3333333333333333,2,3,0.6666666666666666,1,6,0.16666666666666666,0,0,NaN,1.3333333333333333,0.5,0.7777777777777778,0,2,2,4,1,0,1,1,7,0.9092927271800338,33,0.8949279859244639,35,0.9207422649674178,305,0.9484608663970894,6,1.0889060555234658,14,1.0727716404524315,156,Quinn Cook,G
11,20141229,Toledo,W,1,37,6,12,0.5,4,6,0.6666666666666666,2,6,0.3333333333333333,6,6,1,1.3333333333333333,1,1.6666666666666667,0,1,1,3,0,0,2,4,20,0.9331352510121073,31,0.8894054455704967,57,0.9794215501738271,306,0.9991151492340425,6,0.9202403950985354,22,1.06880607706391,148,Quinn Cook,G
12,20141231,Wofford,W,1,35,5,8,0.625,2,2,1,3,6,0.5,2,2,1,2,1.5,1.875,0,1,1,2,1,0,0,1,15,1.0262077601743465,22,0.9946140222500649,23,0.9593591172941532,430,1.1413018483762538,3,1.0041925600946664,11,0.9774286698398853,95,Quinn Cook,G
13,20150103,Boston College,W,1,34,5,14,0.35714285714285715,2,5,0.4,3,9,0.3333333333333333,2,2,1,0.8,1,1.0714285714285714,1,2,3,2,1,0,3,3,15,0.6566613010986216,19,0.8465321386405487,32,0.9104284153159248,379,0.9286399724783985,4,1.119888772117869,9,0.9578718066519948,148,Quinn Cook,G
16,20150113,Miami (FL),L,1,38,7,13,0.5384615384615384,3,6,0.5,4,7,0.5714285714285714,0,0,NaN,1,1.7142857142857142,1.3846153846153846,0,6,6,4,0,0,2,3,18,0.7342733086005909,20,0.9113892875643559,36,0.8064039966504654,431,0.8330196485944733,6,0.9892035803903974,21,1.0430474961315568,138,Quinn Cook,G
18,20150119,Pitt,W,1,38,3,10,0.3,2,2,1,1,8,0.125,4,4,1,2,0.375,1.1,1,9,10,2,1,0,1,0,11,1.0642454018470697,39,1.09530710944998,56,1.0138549089534425,422,0.8933257439223989,7,0.9187859256225085,6,1.1138078690853055,152,Quinn Cook,G
22,20150204,Georgia Tech,W,1,37,6,14,0.42857142857142855,5,6,0.8333333333333334,1,8,0.125,4,5,0.8,1.6666666666666667,0.375,1.2142857142857142,0,3,3,4,1,0,0,1,17,0.8509384580860537,33,0.9033563767733073,42,0.93754584794841,380,1.0837692285159857,3,1.5371845221251574,17,1.095045378137424,147,Quinn Cook,G
23,20150207,Notre Dame,W,1,36,3,8,0.375,1,5,0.2,2,3,0.6666666666666666,0,0,NaN,0.4,2,1,0,1,1,5,1,0,0,3,8,0.7550642036900124,29,0.9554800748090444,47,0.9704726761961058,341,0.8445716444234532,14,0.9960183605820511,11,1.085653662595574,167,Quinn Cook,G
26,20150218,UNC,W,1,45,7,15,0.4666666666666667,1,6,0.16666666666666666,6,9,0.6666666666666666,2,4,0.5,0.3333333333333333,2,1.4666666666666666,1,3,4,3,0,0,3,3,22,0.8008843514684457,40,1.0901311237953861,55,1.106866401202096,446,0.8408484226505358,17,1.0330276295239225,23,1.0708896841386362,183,Quinn Cook,G
27,20150221,Clemson,W,1,39,11,18,0.6111111111111112,8,11,0.7272727272727273,3,7,0.42857142857142855,2,2,1,1.4545454545454546,1.2857142857142858,1.5,1,3,4,4,1,0,2,0,27,0.8724387531602464,26,1.0403366051800558,74,0.9403228435890953,412,1.0633614552456756,12,0.9251988753476779,17,1.0624122454500162,150,Quinn Cook,G
30,20150304,Wake Forest,W,1,32,4,12,0.3333333333333333,1,5,0.2,3,7,0.42857142857142855,2,2,1,0.4,1.2857142857142858,1.0833333333333333,0,5,5,2,0,0,2,2,13,0.7673124085991291,13,1.0175076773024991,38,0.9164112610365476,407,0.90983502172227,7,0.8556827691056886,13,1.0945200572063778,152,Quinn Cook,G
32,20150312,NC State,W,1,26,5,7,0.7142857142857143,3,5,0.6,2,2,1,3,3,1,1.2,3,2.142857142857143,0,2,2,0,1,0,0,1,15,0.8595341826697289,16,1.0381049846406787,33,1.0071634565781546,255,0.8586343699667434,8,1.0201727016104907,10,1.094468327247471,106,Quinn Cook,G
33,20150313,Notre Dame,L,1,39,2,12,0.16666666666666666,1,4,0.25,1,8,0.125,2,2,1,0.5,0.375,0.5833333333333334,0,2,2,2,1,0,2,4,7,0.8382917676036475,27,0.9641307442050961,60,0.8610555445811211,349,1.0562490311125572,7,1.0792739171290127,15,0.9694339912986277,94,Quinn Cook,G
34,20150320,Robert Morris,W,1,32,8,12,0.6666666666666666,2,2,1,6,10,0.6,0,0,NaN,2,1.8,1.8333333333333333,1,3,4,5,3,0,1,3,22,0.9417996706980112,22,0.7654190264846519,26,0.8294563164912996,396,1.4213820266464703,3,0.970848883348399,6,0.9280456418516589,141,Quinn Cook,G
35,20150322,San Diego State,W,1,38,6,13,0.46153846153846156,3,5,0.6,3,8,0.375,0,0,NaN,1.2,1.125,1.1538461538461537,1,4,5,2,0,0,1,0,15,0.8939260428047623,40,0.9572032972004516,51,0.9280315333257877,414,0.8782531578966122,9,0.867472924409088,14,1.011293081895837,151,Quinn Cook,G
1,20141114,Presbyterian,W,1,20,6,12,0.5,4,9,0.4444444444444444,2,3,0.6666666666666666,1,1,1,0.8888888888888888,2,1.25,2,2,4,1,1,1,3,2,15,0.9418791080793177,12,0.8581890221721494,24,0.7701261691898322,171,0.8956617056241224,3,0.973398906587889,9,0.8667916406696634,42,Justise Winslow,F
2,20141115,Fairfield,W,1,21,6,10,0.6,5,8,0.625,1,2,0.5,5,7,0.7142857142857143,1.25,1.5,1.8,2,4,6,2,1,1,1,1,18,0.6618186003523827,32,1.0039429553128438,41,0.9122318308122687,227,0.9059560559563457,9,1.0300345928903825,8,0.9535398056278226,62,Justise Winslow,F
3,20141118,Michigan State,W,1,36,4,11,0.36363636363636365,3,9,0.3333333333333333,1,2,0.5,6,9,0.6666666666666666,0.6666666666666666,1.5,1.3636363636363635,1,5,6,3,0,1,2,3,15,0.9444165664075235,48,0.9519978315100277,81,0.9416140503838745,339,0.8352056021842159,15,0.9606925992090849,19,1.0200371142729547,100,Justise Winslow,F
4,20141121,Temple,W,1,28,4,8,0.5,3,4,0.75,1,4,0.25,6,9,0.6666666666666666,1.5,0.75,1.875,0,4,4,1,1,0,1,3,15,0.8136983390519863,53,0.8106977872779606,63,0.8286153798128532,205,0.8473265319279873,10,0.7938817176261028,15,0.8138829446284157,49,Justise Winslow,F
5,20141122,Stanford,W,1,35,4,10,0.4,2,3,0.6666666666666666,2,7,0.2857142857142857,4,10,0.4,1.3333333333333333,0.8571428571428571,1.4,4,5,9,4,1,1,1,2,14,0.8153325913860828,39,0.8470159262686238,75,0.9206070396784041,369,0.8154590177884907,8,0.8646588542555808,20,0.9286739131774089,66,Justise Winslow,F
6,20141126,Furman,W,1,23,2,7,0.2857142857142857,1,4,0.25,1,3,0.3333333333333333,2,4,0.5,0.5,1,1,0,2,2,2,2,0,1,1,7,0.8422976512114294,51,0.9024538821167036,35,0.8688214712539667,200,0.5789573531234422,2,0.9122133818642512,8,0.9640457988543898,41,Justise Winslow,F
7,20141130,Army,W,1,12,3,4,0.75,2,2,1,1,2,0.5,0,0,NaN,2,1.5,1.75,0,1,1,1,1,0,2,3,7,0.8265465196556246,13,0.7951187146855896,49,0.8630450941058114,110,1.2136674093701214,5,1.1378323853112575,2,0.9884303613012104,24,Justise Winslow,F
9,20141215,Elon,W,1,27,5,10,0.5,4,6,0.6666666666666666,1,4,0.25,1,4,0.25,1.3333333333333333,0.75,1.2,0,3,3,0,2,0,2,4,12,0.9607194391984258,55,0.9846726691501091,40,0.8628255669826674,236,1.06879905598989,4,0.9980758652298708,7,1.0443949061392501,55,Justise Winslow,F
11,20141229,Toledo,W,1,29,4,9,0.4444444444444444,3,7,0.42857142857142855,1,2,0.5,0,1,0,0.8571428571428571,1.5,1,1,4,5,4,1,1,1,3,9,0.7805571921438468,62,0.8433064840233125,44,0.7970095332671052,187,0.8616563378078472,10,0.9425309201472076,14,0.859626514552496,68,Justise Winslow,F
12,20141231,Wofford,W,1,31,5,11,0.45454545454545453,3,7,0.42857142857142855,2,4,0.5,4,4,1,0.8571428571428571,1.5,1.4545454545454546,2,5,7,2,1,0,1,0,16,0.8541853419338751,64,0.8397665572220984,38,0.6928094799279242,241,0.8370492110260339,13,0.8712080503106575,14,0.8323059471525586,74,Justise Winslow,F
13,20150103,Boston College,W,1,26,5,7,0.7142857142857143,4,5,0.8,1,2,0.5,2,3,0.6666666666666666,1.6,1.5,1.8571428571428572,1,6,7,4,0,2,1,3,13,1.054633974727314,35,0.899937618013574,57,0.8344014404403677,258,0.8724166532032229,9,0.8870060516432976,16,0.8565157111642181,61,Justise Winslow,F
16,20150113,Miami (FL),L,1,27,1,6,0.16666666666666666,1,4,0.25,0,2,0,0,4,0,0.5,0,0.3333333333333333,0,2,2,1,0,1,2,2,2,0.9977850317070995,56,0.9855873608878831,73,0.8870803833500438,254,0.9704672933503188,10,1.0526471872335752,25,0.981883100303425,70,Justise Winslow,F
18,20150119,Pitt,W,1,22,2,7,0.2857142857142857,0,3,0,2,4,0.5,1,2,0.5,0,1.5,1,0,2,2,1,1,1,1,2,7,0.7875849216631398,40,0.7473391042203353,46,1.0397210938243848,254,0.8911139286916918,8,0.9872761753263243,8,0.9476692278828606,55,Justise Winslow,F
22,20150204,Georgia Tech,W,1,36,5,6,0.8333333333333334,4,5,0.8,1,1,1,4,7,0.5714285714285714,1.6,3,2.5,3,7,10,3,2,2,1,3,15,0.8174318546523607,67,0.9763307253975898,97,0.9317953786167698,347,0.9928529884177131,6,1.027224377236992,11,1.0490120419298934,56,Justise Winslow,F
23,20150207,Notre Dame,W,1,31,6,11,0.5454545454545454,5,9,0.5555555555555556,1,2,0.5,6,8,0.75,1.1111111111111112,1.5,1.7272727272727273,4,7,11,4,0,2,3,2,19,0.8020889294418144,124,0.8154790408798617,94,0.9237859261484556,247,0.7920985394641699,16,0.8862964206175775,19,0.9116167945489068,77,Justise Winslow,F
26,20150218,UNC,W,1,29,6,10,0.6,5,9,0.5555555555555556,1,1,1,3,6,0.5,1.1111111111111112,3,1.6,1,6,7,2,1,0,1,4,16,0.8214102791361747,70,0.91470689562153,53,0.9325764409969353,320,0.7656381020521279,9,0.9669500919241258,10,0.9213034277438257,66,Justise Winslow,F
27,20150221,Clemson,W,1,37,8,14,0.5714285714285714,7,13,0.5384615384615384,1,1,1,3,4,0.75,1.0769230769230769,3,1.4285714285714286,1,12,13,1,4,0,3,2,20,0.8835387796035288,62,0.9586571847738151,126,0.8961325751474679,351,0.6420928536426613,4,0.917984118422036,15,0.979202375039721,95,Justise Winslow,F
30,20150304,Wake Forest,W,1,25,6,8,0.75,5,7,0.7142857142857143,1,1,1,0,0,NaN,1.4285714285714286,3,1.625,2,4,6,7,6,0,3,1,13,0.8883368267327659,63,1.0094819853207906,83,1.0602527717456618,208,0.7859733013194359,8,0.9127018274519927,14,0.9700392871888258,39,Justise Winslow,F
32,20150312,NC State,W,1,25,3,7,0.42857142857142855,2,4,0.5,1,3,0.3333333333333333,4,4,1,1,1,1.5714285714285714,0,6,6,1,3,0,1,2,11,0.7182287813732195,33,0.9531926210538838,100,0.9076093554809391,203,0.8759142442999625,6,0.9590466903362523,12,0.9079605722196576,73,Justise Winslow,F
33,20150313,Notre Dame,L,1,30,5,8,0.625,5,8,0.625,0,0,NaN,1,1,1,1.25,NaN,1.375,3,8,11,3,1,1,3,3,11,0.8240819955535063,46,0.9387345763386551,79,0.9733326140878298,172,0.9670336837023387,12,0.8566527913060547,13,0.986438710831443,61,Justise Winslow,F
34,20150320,Robert Morris,W,1,24,2,4,0.5,1,2,0.5,1,2,0.5,1,2,0.5,1,1.5,1.5,0,11,11,7,0,1,2,2,6,0.7928342674254508,80,0.9533744633361741,55,0.8339811929189049,207,1.2024736401123552,17,1.0339653517944307,5,1.003336554937771,60,Justise Winslow,F
35,20150322,San Diego State,W,1,34,6,10,0.6,5,8,0.625,1,2,0.5,0,0,NaN,1.25,1.5,1.3,1,11,12,5,4,3,2,2,13,0.8430019688036706,77,0.8661952524794062,113,0.8650753450468709,267,0.9216553652464805,6,0.8389389271837586,23,0.8113938060596037,107,Justise Winslow,F
1,20141114,Presbyterian,W,1,23,6,8,0.75,3,4,0.75,3,4,0.75,0,0,NaN,1.5,2.25,1.875,0,2,2,7,0,0,1,0,15,0.8553851265824233,13,0.7865266621620061,26,0.8648156456534546,167,NaN,NA,0.9099319039717462,8,0.9862445857149286,78,Tyus Jones,G
2,20141115,Fairfield,W,1,23,2,5,0.4,2,2,1,0,3,0,2,3,0.6666666666666666,2,0,1.2,1,2,3,5,2,0,2,0,6,0.6667663711042596,23,0.5891735846206114,21,0.8703737940935548,190,0.9423880152136747,7,0.92862552471768,8,0.9398028392115414,103,Tyus Jones,G
3,20141118,Michigan State,W,1,31,4,5,0.8,2,2,1,2,3,0.6666666666666666,7,7,1,2,2,3.4,0,0,0,4,2,0,0,0,17,0.6709515591982993,30,0.9965779956191553,51,0.9647961506435836,335,1.7249725256562671,3,1.256655677329936,4,1.0145294221463304,135,Tyus Jones,G
4,20141121,Temple,W,1,29,1,7,0.14285714285714285,0,3,0,1,4,0.25,2,2,1,0,0.75,0.7142857142857143,1,4,5,7,3,0,1,1,5,0.7198171288334858,47,0.7591042712037668,37,0.8919932160761058,266,0.8227202431341464,10,1.0094180320033417,13,1.0332114289778054,132,Tyus Jones,G
5,20141122,Stanford,W,1,26,0,6,0,0,3,0,0,3,0,3,4,0.75,0,0,0.5,0,3,3,2,3,0,1,2,3,0.8037603380427384,15,0.7974115449363549,15,0.8858869538695582,252,0.7891688074010359,6,0.9507481746732298,5,1.0045972781369752,113,Tyus Jones,G
6,20141126,Furman,W,1,23,0,2,0,0,1,0,0,1,0,0,0,NaN,0,0,0,0,2,2,7,1,0,2,0,0,1.0344580831690018,17,0.9221760230225733,13,0.8272606914882038,174,0.8987364286470716,3,1.0024957339738942,2,0.9281592029362228,137,Tyus Jones,G
7,20141130,Army,W,1,34,4,8,0.5,3,4,0.75,1,4,0.25,7,8,0.875,1.5,0.75,2,1,4,5,10,1,0,0,1,16,0.7298413835136038,34,0.6063206847625703,18,0.7559508136458488,304,0.9609147815750715,10,1.011331772405559,14,1.005471019526746,221,Tyus Jones,G
9,20141215,Elon,W,1,23,0,1,0,0,1,0,0,0,NaN,4,6,0.6666666666666666,0,NaN,4,1,0,1,4,2,0,4,3,4,0.9218405167400424,16,1.0244187064463828,25,0.917804360382961,220,1.0434870161815901,2,0.9191881730844914,7,1.0915448091637967,111,Tyus Jones,G
11,20141229,Toledo,W,1,34,2,3,0.6666666666666666,0,0,NaN,2,3,0.6666666666666666,9,9,1,NaN,2,5,1,3,4,8,2,0,1,0,15,0.5633867916646416,20,0.8231266609836471,31,0.9647741462285393,272,0.7203360203465468,10,0.9624643418294392,16,1.1080738105444234,117,Tyus Jones,G
12,20141231,Wofford,W,1,32,2,4,0.5,1,2,0.5,1,2,0.5,0,0,NaN,1,1.5,1.25,0,6,6,5,4,0,2,3,5,0.8950911864878313,20,0.9074315077862337,33,0.8695600611808074,275,0.86670854731749,5,1.095466186533732,9,0.9432881250325188,152,Tyus Jones,G
13,20150103,Boston College,W,1,27,0,5,0,0,4,0,0,1,0,3,4,0.75,0,0,0.6,0,4,4,3,0,0,2,0,3,1.0193442031667024,8,1.0161598183238598,18,1.0064166058915036,244,0.6331669263292922,7,0.9628864631251915,6,1.0247418890123485,190,Tyus Jones,G
16,20150113,Miami (FL),L,1,27,2,9,0.2222222222222222,2,6,0.3333333333333333,0,3,0,2,2,1,0.6666666666666666,0,0.6666666666666666,1,1,2,2,0,0,2,3,6,0.735740864393825,25,0.7649221822462299,42,0.7666707040341734,257,1.0216239415435813,10,0.9189710269846253,14,1.0556162837826162,96,Tyus Jones,G
18,20150119,Pitt,W,1,38,7,11,0.6363636363636364,3,5,0.6,4,6,0.6666666666666666,4,5,0.8,1.2,2,2,1,1,2,4,0,0,3,1,22,0.969787018018983,38,0.9557314067299566,29,0.966547536455688,386,1.1457379063306194,4,1.156380452625148,14,1.0695712162791933,230,Tyus Jones,G
22,20150204,Georgia Tech,W,1,38,3,10,0.3,1,6,0.16666666666666666,2,4,0.5,1,2,0.5,0.3333333333333333,1.5,0.9,0,2,2,5,3,0,4,2,9,0.7941360404921767,31,0.7670862069097346,42,0.8778759932986662,337,0.938507727201556,9,0.9163052730329498,24,1.034407390655722,211,Tyus Jones,G
23,20150207,Notre Dame,W,1,34,3,4,0.75,1,1,1,2,3,0.6666666666666666,4,6,0.6666666666666666,2,2,3,0,5,5,7,1,0,0,1,12,0.8000692364953682,31,0.7860451310660221,40,0.861789540964225,302,1.3156699626507409,7,0.9761756242102106,9,0.9896274415116848,187,Tyus Jones,G
26,20150218,UNC,W,1,43,7,16,0.4375,5,11,0.45454545454545453,2,5,0.4,6,7,0.8571428571428571,0.9090909090909091,1.2,1.375,1,6,7,8,1,0,6,2,22,0.6699846877768858,32,0.6978394128227086,41,0.9598674058096871,396,0.7247943040319477,15,1.1112539637711454,13,1.1130503894825698,244,Tyus Jones,G
27,20150221,Clemson,W,1,39,4,11,0.36363636363636365,3,8,0.375,1,3,0.3333333333333333,2,2,1,0.75,1,1,0,2,2,9,4,0,3,2,11,0.8047637871530796,50,0.8363607214074348,45,0.9057053200916293,327,0.8824339485706193,11,1.0363439576375033,27,1.0138109535289042,249,Tyus Jones,G
30,20150304,Wake Forest,W,1,32,3,8,0.375,1,6,0.16666666666666666,2,2,1,2,3,0.6666666666666666,0.3333333333333333,3,1.25,0,4,4,5,3,0,1,0,10,0.8114345050835436,15,0.9205840311208232,24,1.0608692443691583,316,1.1185011712868296,3,0.920687099633154,5,1.1581188027075142,256,Tyus Jones,G
32,20150312,NC State,W,1,37,3,9,0.3333333333333333,3,7,0.42857142857142855,0,2,0,1,1,1,0.8571428571428571,0,0.7777777777777778,0,0,0,8,1,0,1,0,7,0.6445227444508563,36,0.8406118534628846,45,1.0694458732999934,316,0.8624613888639996,10,0.968734507478784,11,1.1390742302441577,242,Tyus Jones,G
33,20150313,Notre Dame,L,1,40,4,13,0.3076923076923077,3,8,0.375,1,5,0.2,1,1,1,0.75,0.6,0.7692307692307693,0,4,4,5,1,0,4,3,10,0.691978152487823,33,0.7627721715504723,26,0.882073795022746,294,0.9102980533824638,14,0.9040792950569886,15,1.0834101891031782,170,Tyus Jones,G
34,20150320,Robert Morris,W,1,31,4,7,0.5714285714285714,2,2,1,2,5,0.4,0,0,NaN,2,1.2,1.4285714285714286,0,3,3,7,2,0,1,0,10,0.9240612608178606,14,0.9960040321666827,13,0.8376933632900895,287,1.216894023524583,2,1.0920488011972262,2,0.881925670964852,221,Tyus Jones,G
35,20150322,San Diego State,W,1,36,3,9,0.3333333333333333,3,8,0.375,0,1,0,0,0,NaN,0.75,0,0.6666666666666666,0,3,3,6,2,0,2,0,6,0.6161788680257648,23,0.8438338721849915,36,0.935503990088272,339,0.9122578947390936,7,0.9720156980755954,17,1.0939300391242943,223,Tyus Jones,G
1,20141114,Presbyterian,W,1,16,2,4,0.5,2,4,0.5,0,0,NaN,0,0,NaN,1,NaN,1,6,4,10,0,0,0,1,4,4,0.8274473891909822,79,0.9655915259892046,37,1.1899742749353541,46,0.8467360138913085,6,1.3525868984768075,1,1.4758919885988564,5,Amile Jefferson,F
2,20141115,Fairfield,W,1,24,5,8,0.625,5,8,0.625,0,0,NaN,5,6,0.8333333333333334,1.25,NaN,1.875,4,5,9,3,1,0,2,1,15,0.7494880885923209,149,0.8744023941588074,67,0.840356561671812,113,0.5182725394464501,28,0.6046553651381398,14,0.7865066935591873,13,Amile Jefferson,F
3,20141118,Michigan State,W,1,21,2,3,0.6666666666666666,2,3,0.6666666666666666,0,0,NaN,2,4,0.5,1.3333333333333333,NaN,2,1,3,4,0,0,1,1,2,6,0.8067904697180394,127,0.885959082984985,66,1.0187817333660165,96,0.8391521661156098,4,0.6777947868930171,4,0.8922019210714697,11,Amile Jefferson,F
4,20141121,Temple,W,1,31,3,5,0.6,3,5,0.6,0,0,NaN,2,5,0.4,1.2,NaN,1.6,4,4,8,1,0,1,0,3,8,0.7217326429059471,228,0.784169022176934,114,0.7540464960461307,78,1.0507011844038838,14,0.7252887844086201,34,1.0860094880061162,29,Amile Jefferson,F
5,20141122,Stanford,W,1,24,3,6,0.5,3,6,0.5,0,0,NaN,3,4,0.75,1,NaN,1.5,4,3,7,2,2,1,0,3,9,0.6525361567435114,234,0.7383516300980159,107,0.7488439348540165,96,0.7490689325904323,20,0.6650840901290553,19,0.6749086080348582,14,Amile Jefferson,F
6,20141126,Furman,W,1,24,8,9,0.8888888888888888,8,9,0.8888888888888888,0,0,NaN,0,0,NaN,1.7777777777777777,NaN,1.7777777777777777,5,7,12,2,1,1,1,3,16,0.6992590886837193,172,0.8575398510132181,59,0.8118217341315583,65,0.9379324637432709,8,0.9139384375427347,6,0.564647172707529,8,Amile Jefferson,F
7,20141130,Army,W,1,20,3,3,1,3,3,1,0,0,NaN,1,3,0.3333333333333333,2,NaN,2.3333333333333335,5,7,12,2,0,1,3,3,7,0.7687654772208914,128,0.8959852074515092,61,0.9791756601329005,45,0.7387900814073768,2,1.27323554820088,1,1.1989123725097761,11,Amile Jefferson,F
9,20141215,Elon,W,1,22,6,7,0.8571428571428571,6,7,0.8571428571428571,0,0,NaN,1,3,0.3333333333333333,1.7142857142857142,NaN,1.8571428571428572,2,3,5,2,1,0,3,1,13,0.6359005566906729,148,0.7141033297350924,76,0.7329159339398796,62,0.34331532860747854,10,0.9615142881709341,10,0.943366812155359,16,Amile Jefferson,F
11,20141229,Toledo,W,1,25,1,2,0.5,1,2,0.5,0,0,NaN,0,1,0,1,NaN,1,3,5,8,2,2,0,1,4,2,0.7335311644904869,182,0.785327985436477,105,0.9401810437401352,59,1.3755309306636472,3,0.7945383663634654,12,0.9155595048542015,11,Amile Jefferson,F
12,20141231,Wofford,W,1,18,3,6,0.5,3,6,0.5,0,0,NaN,4,6,0.6666666666666666,1,NaN,1.6666666666666667,3,2,5,0,0,0,1,3,10,0.6175144751775721,98,0.7036337501113605,76,0.8138740383564699,50,0.7781452012472778,12,0.5423648251135702,17,0.7094918385107163,3,Amile Jefferson,F
13,20150103,Boston College,W,1,17,2,2,1,2,2,1,0,0,NaN,0,1,0,2,NaN,2,2,2,4,1,0,0,1,2,4,0.8287235063883541,140,0.8257917087813234,103,0.8553793085703443,64,1.0388099506732207,11,0.9757751615268013,6,1.0200682681283533,9,Amile Jefferson,F
16,20150113,Miami (FL),L,1,29,7,9,0.7777777777777778,7,9,0.7777777777777778,0,0,NaN,0,3,0,1.5555555555555556,NaN,1.5555555555555556,6,6,12,1,1,0,2,2,14,0.6465714770161306,217,0.7038524685964662,141,0.7940552549441398,97,0.7950445151942676,23,0.6863054189796606,24,0.6509668123661975,8,Amile Jefferson,F
18,20150119,Pitt,W,1,32,2,6,0.3333333333333333,2,6,0.3333333333333333,0,0,NaN,4,4,1,0.6666666666666666,NaN,1.3333333333333333,3,6,9,0,3,1,0,1,8,0.8472628342757377,273,0.8034166757401996,118,0.8914156627520798,140,0.5550570740464119,15,0.6537469967354947,11,0.8073069569513371,11,Amile Jefferson,F
22,20150204,Georgia Tech,W,1,23,3,4,0.75,3,4,0.75,0,0,NaN,0,0,NaN,1.5,NaN,1.5,1,4,5,1,1,0,0,4,6,0.7841164196836887,140,0.8406721941616485,131,0.892825119693504,92,0.9135510117020484,8,0.7432932111739406,39,0.7574438829690426,18,Amile Jefferson,F
23,20150207,Notre Dame,W,1,20,2,3,0.6666666666666666,2,3,0.6666666666666666,0,0,NaN,3,6,0.5,1.3333333333333333,NaN,2.3333333333333335,1,4,5,0,0,0,2,3,7,0.8382302630348047,180,0.7999481991834558,112,0.9284086981444805,43,0.6307960855225729,10,0.7134885220196308,11,NaN,NA,Amile Jefferson,F
26,20150218,UNC,W,1,29,5,7,0.7142857142857143,5,7,0.7142857142857143,0,0,NaN,3,6,0.5,1.4285714285714286,NaN,1.8571428571428572,2,3,5,1,1,6,1,3,13,0.7367472232648193,239,0.8027289745266544,127,0.8661384644250606,96,0.6801200273099975,8,0.9101672832753774,15,1.0262601016523065,23,Amile Jefferson,F
27,20150221,Clemson,W,1,16,1,2,0.5,1,2,0.5,0,0,NaN,0,0,NaN,1,NaN,1,0,0,0,0,0,0,2,1,2,0.8764720422326312,123,0.818936180360665,84,0.8329833677349697,48,0.8472619313555811,8,0.8652029537477068,4,NaN,NA,Amile Jefferson,F
30,20150304,Wake Forest,W,0,20,2,2,1,2,2,1,0,0,NaN,0,0,NaN,2,NaN,2,3,2,5,4,1,1,1,1,4,0.7546705594113535,220,0.8622703403345459,100,0.8134073301569547,57,0.7754463047476089,9,0.7277971917546485,11,0.8408350464923401,8,Amile Jefferson,F
32,20150312,NC State,W,0,20,0,0,NaN,0,0,NaN,0,0,NaN,0,0,NaN,NaN,NaN,NaN,1,3,4,0,1,0,1,0,0,0.8520976562257112,151,0.9217727867770428,96,1.0872953571264643,77,0.4718746736545221,2,1.110515532011027,2,1.1957660649348372,12,Amile Jefferson,F
33,20150313,Notre Dame,L,0,12,1,1,1,1,1,1,0,0,NaN,0,0,NaN,2,NaN,2,2,1,3,0,0,1,0,2,2,0.8562863224838924,72,0.8780830028969173,76,0.890415873403037,49,NaN,NA,0.8514151560079295,7,0.9089869138930577,5,Amile Jefferson,F
34,20150320,Robert Morris,W,0,29,4,6,0.6666666666666666,4,6,0.6666666666666666,0,0,NaN,2,3,0.6666666666666666,1.3333333333333333,NaN,1.6666666666666667,2,4,6,3,0,0,2,1,10,0.768593276147235,322,0.8578999838700552,85,0.8278386247783586,93,0.9646096513801713,26,0.9619930673465693,9,1.0990530524876159,7,Amile Jefferson,F
35,20150322,San Diego State,W,0,9,0,0,NaN,0,0,NaN,0,0,NaN,0,0,NaN,NaN,NaN,NaN,0,0,0,0,0,0,0,1,0,0.8183968215658165,113,0.9605265020168893,53,0.7993313200367456,22,NaN,NA,NaN,NA,0.7624502064454973,9,Amile Jefferson,F
1,20141114,Presbyterian,W,0,13,3,4,0.75,1,2,0.5,2,2,1,0,1,0,1,3,2,0,1,1,1,0,0,1,0,8,1.0830626041482754,10,1.0536774561058155,43,0.8597121154750798,114,1.0681520456313798,3,0.7782764173022503,4,0.9138268237411443,18,Matt Jones,G
2,20141115,Fairfield,W,0,19,3,4,0.75,2,2,1,1,2,0.5,2,3,0.6666666666666666,2,1.5,2.25,1,4,5,0,2,0,0,3,9,0.897121943092609,31,0.9993059888332783,37,0.8862047329376168,213,1.0360909119947581,1,NaN,NA,0.921359243586379,14,Matt Jones,G
3,20141118,Michigan State,W,0,22,1,4,0.25,1,2,0.5,0,2,0,2,2,1,1,0,1,0,0,0,1,0,0,0,3,4,0.8509844407475949,35,0.8856616136537028,47,0.8744481796362353,288,0.7276879214654862,1,0.9194142114104669,10,1.0171621409742921,37,Matt Jones,G
4,20141121,Temple,W,0,16,1,3,0.3333333333333333,0,0,NaN,1,3,0.3333333333333333,0,0,NaN,NaN,1,1,0,0,0,2,0,0,0,0,3,0.7294438327957237,14,0.9511839785304436,37,0.8574858201891712,144,0.9465836477376868,2,0.9195993075101034,10,0.9294540305391035,34,Matt Jones,G
5,20141122,Stanford,W,0,18,4,7,0.5714285714285714,2,4,0.5,2,3,0.6666666666666666,0,0,NaN,1,2,1.4285714285714286,0,1,1,0,1,0,2,2,10,0.7956246419459344,24,0.9980109585323902,38,0.8902744564143033,208,0.904323809502567,6,0.8074963385383925,6,0.9795493919283905,26,Matt Jones,G
6,20141126,Furman,W,0,19,4,5,0.8,0,0,NaN,4,5,0.8,1,2,0.5,NaN,2.4,2.6,0,3,3,2,0,0,0,1,13,0.705088671910105,22,0.8002009040988642,25,0.8044344996739532,237,0.8630424344086733,2,1.1576987985800644,2,0.8565737697441898,38,Matt Jones,G
7,20141130,Army,W,0,18,2,3,0.6666666666666666,2,2,1,0,1,0,2,3,0.6666666666666666,2,0,2,0,1,1,1,2,0,2,2,6,0.8181526563270626,28,0.8101460570653399,33,0.6973215141828009,190,NaN,NA,0.9710310252466193,3,1.0409894426674176,28,Matt Jones,G
9,20141215,Elon,W,0,20,1,6,0.16666666666666666,1,2,0.5,0,4,0,1,1,1,1,0,0.5,0,1,1,0,1,0,2,0,3,0.9944120645794169,48,0.8692507529468159,45,0.7570399331833428,179,0.9752289628852101,3,1.00700363145169,5,0.9598424526274306,37,Matt Jones,G
11,20141229,Toledo,W,0,17,1,4,0.25,1,3,0.3333333333333333,0,1,0,0,0,NaN,0.6666666666666666,0,0.5,1,1,2,0,1,0,1,2,2,0.8195588091551761,48,0.8890182694901873,49,0.8062714217182746,146,0.919435921973823,4,0.9189722365212228,7,0.7978127704790693,19,Matt Jones,G
12,20141231,Wofford,W,0,18,0,4,0,0,3,0,0,1,0,2,2,1,0,0,0.5,0,2,2,1,2,0,0,3,2,0.7346213184759389,41,0.8097837348630266,56,0.8828629617613022,161,NaN,NA,NaN,NA,0.8519639020188196,25,Matt Jones,G
13,20150103,Boston College,W,0,27,3,7,0.42857142857142855,1,3,0.3333333333333333,2,4,0.5,0,0,NaN,0.6666666666666666,1.5,1.1428571428571428,4,0,4,1,1,0,0,1,8,0.8510619699692729,84,0.9306665344718591,71,0.8723635126116173,220,NaN,NA,0.8852538937037617,12,0.8954844141991746,57,Matt Jones,G
16,20150113,Miami (FL),L,0,6,0,0,NaN,0,0,NaN,0,0,NaN,1,2,0.5,NaN,NaN,Inf,0,1,1,1,0,0,1,4,1,1.0137235303865693,4,0.7729279455692227,9,0.8092519136258977,59,NaN,NA,NaN,NA,0.9459502208632946,10,Matt Jones,G
18,20150119,Pitt,W,0,10,0,2,0,0,2,0,0,0,NaN,0,0,NaN,0,NaN,0,1,0,1,0,0,0,0,0,0,0.8165522209079669,10,0.961214017463731,13,0.8920381426793407,102,NaN,NA,0.9701733854908414,1,0.9780260267760221,31,Matt Jones,G
22,20150204,Georgia Tech,W,0,22,4,9,0.4444444444444444,3,5,0.6,1,4,0.25,2,2,1,1.2,0.75,1.2222222222222223,3,2,5,0,1,0,1,0,11,0.8467501306530664,38,0.831463206201164,42,0.84782723263335,216,0.8711113938287139,5,0.9797891584611341,7,0.873970891547397,45,Matt Jones,G
23,20150207,Notre Dame,W,0,27,6,9,0.6666666666666666,3,4,0.75,3,5,0.6,2,2,1,1.5,1.8,1.8888888888888888,0,1,1,1,1,0,0,2,17,0.7357623840465176,34,0.9692691473528078,41,0.9003446547223534,307,0.8996475869505843,3,1.0649230312891804,2,0.9532124264806555,76,Matt Jones,G
26,20150218,UNC,W,0,27,2,4,0.5,1,3,0.3333333333333333,1,1,1,0,0,NaN,0.6666666666666666,3,1.25,3,2,5,1,1,0,0,3,5,0.8077737166219926,47,0.8330782949393505,35,0.8539133411254993,264,0.7511759489227686,3,1.1015024009878935,3,0.985872563086987,25,Matt Jones,G
27,20150221,Clemson,W,1,25,2,7,0.2857142857142857,1,1,1,1,6,0.16666666666666666,0,0,NaN,2,0.5,0.7142857142857143,2,3,5,0,1,0,0,2,5,0.8341090716327328,53,0.8193902253470764,55,0.8098547568948574,295,0.9599024943458011,3,1.0715121724731873,5,0.9475021324315245,48,Matt Jones,G
30,20150304,Wake Forest,W,1,28,7,15,0.4666666666666667,4,5,0.8,3,10,0.3,0,0,NaN,1.6,0.9,1.1333333333333333,1,3,4,2,1,1,1,3,17,0.7822652110269125,32,0.8839538088373481,57,0.8156561906630551,347,1.1579974884346504,5,0.9160662014751875,7,0.9102616729425141,93,Matt Jones,G
32,20150312,NC State,W,1,28,3,5,0.6,2,4,0.5,1,1,1,4,5,0.8,1,3,2.2,0,1,1,0,0,0,0,1,11,0.891185299256768,44,0.8371592143284776,69,0.8844558268778543,378,1.378132389417983,4,0.9764018801792096,6,1.004145369797658,81,Matt Jones,G
33,20150313,Notre Dame,L,1,28,1,4,0.25,0,2,0,1,2,0.5,1,2,0.5,0,1.5,1,1,0,1,0,1,0,0,1,4,0.749443860099726,22,0.8647229177108694,30,0.810859679012083,257,0.5520685717589332,1,0.9687204528326753,2,1.0606061405680296,27,Matt Jones,G
34,20150320,Robert Morris,W,1,29,2,5,0.4,1,3,0.3333333333333333,1,2,0.5,0,0,NaN,0.6666666666666666,1.5,1,0,1,1,4,1,0,2,1,5,0.7953988264444773,16,1.007909016340542,26,0.9336355995970586,326,0.9147200880720736,2,0.9654986359665934,7,0.9591769289271848,92,Matt Jones,G
35,20150322,San Diego State,W,1,34,1,5,0.2,0,3,0,1,2,0.5,0,0,NaN,0,1.5,0.6,1,3,4,0,0,0,1,3,3,0.9142631026406711,72,0.9901258821148637,83,0.9475856314135779,396,0.9658625959070563,3,0.9004456864361987,4,1.0691620656608687,46,Matt Jones,G
1,20141114,Presbyterian,W,0,18,5,7,0.7142857142857143,3,4,0.75,2,3,0.6666666666666666,6,7,0.8571428571428571,1.5,2,2.5714285714285716,0,1,1,3,3,1,1,1,18,0.9229749454113192,19,0.8573121210394876,22,0.8800452908293404,95,0.9903147942626199,1,1.1227097364578071,1,1.0288816706363437,43,Grayson Allen,G
2,20141115,Fairfield,W,0,13,3,5,0.6,2,2,1,1,3,0.3333333333333333,2,2,1,2,1,1.8,0,1,1,1,2,0,1,5,9,0.7503055137588587,11,1.1052118207425967,13,0.9360212366174832,125,1.3224369695435165,2,1.0289017747510996,4,1.0496791508714913,34,Grayson Allen,G
3,20141118,Michigan State,W,0,1,0,1,0,0,1,0,0,0,NaN,0,0,NaN,0,NaN,0,0,1,1,0,0,0,0,0,0,1.2815641873694346,5,1.232026612159571,1,1.2524152328111404,3,0.9789038753385744,3,NaN,NA,NaN,NA,Grayson Allen,G
4,20141121,Temple,W,0,6,1,1,1,0,0,NaN,1,1,1,3,4,0.75,NaN,3,6,0,0,0,0,0,0,0,0,6,0.7790001035237241,1,0.90862575690569,9,0.8621867138715632,55,NaN,NA,NaN,NA,0.8390263462468651,8,Grayson Allen,G
5,20141126,Furman,W,0,13,2,7,0.2857142857142857,1,2,0.5,1,5,0.2,0,0,NaN,1,0.6,0.7142857142857143,2,1,3,1,0,1,1,3,5,0.8954953420640368,20,0.7336401191183424,17,0.7682605901736524,157,0.9304612714091446,6,1.1459362512726674,3,0.817049127433131,20,Grayson Allen,G
6,20141130,Army,W,0,10,0,2,0,0,0,NaN,0,2,0,0,0,NaN,NaN,0,0,0,1,1,1,0,0,0,1,0,0.7626289333524382,22,0.8606435435558271,26,0.920546701420567,122,NaN,NA,0.769115510708271,1,0.9995884430270845,20,Grayson Allen,G
7,20141215,Elon,W,0,8,0,0,NaN,0,0,NaN,0,0,NaN,0,0,NaN,NaN,NaN,NaN,0,1,1,0,1,0,1,0,0,0.9082147507003858,12,0.9716960456040582,22,0.7993791239366637,83,1.237092224763629,1,NaN,NA,0.8885605473348502,9,Grayson Allen,G
9,20141229,Toledo,W,0,3,0,1,0,0,1,0,0,0,NaN,0,0,NaN,0,NaN,0,0,0,0,0,0,0,1,1,0,0.8618964384167537,11,0.9812332099178241,12,1.1599030436596922,9,0.6205268080060165,1,0.8693586767233977,1,0.9630587575724361,2,Grayson Allen,G
10,20141231,Wofford,W,0,4,1,1,1,0,0,NaN,1,1,1,0,0,NaN,NaN,3,3,0,0,0,0,0,0,0,0,3,0.8419129829167494,4,0.910190573248343,11,0.8374729518017111,61,0.9035497893759956,3,1.0047565270283043,2,0.8671653722692777,14,Grayson Allen,G
11,20150103,Boston College,W,0,6,0,3,0,0,1,0,0,2,0,0,0,NaN,0,0,0,0,0,0,0,0,0,0,1,0,0.28304158556332126,5,1.1251727623471952,9,1.0204401467279973,85,NaN,NA,NaN,NA,1.099305966955379,10,Grayson Allen,G
14,20150113,Miami (FL),L,0,8,1,2,0.5,1,1,1,0,1,0,2,2,1,2,0,2,1,0,1,0,0,0,1,0,4,0.5220401216654508,3,0.7629841856098302,9,0.9573807602902683,63,1.4263136206703142,1,0.9664902008153815,7,1.0825611467540863,13,Grayson Allen,G
15,20150119,Pitt,W,0,0,0,0,NaN,0,0,NaN,0,0,NaN,0,0,NaN,NaN,NaN,NaN,0,0,0,0,0,0,0,0,0,NaN,NA,0.7350471309643751,2,0.5648608922441168,3,NaN,NA,NaN,NA,NaN,NA,Grayson Allen,G
18,20150204,Georgia Tech,W,0,3,0,1,0,0,0,NaN,0,1,0,0,0,NaN,NaN,0,0,1,0,1,0,0,0,0,0,0,0.3325292436129865,2,1.222848374334494,1,0.8325011758201489,41,NaN,NA,0.9147443105458086,1,0.9852737906881788,4,Grayson Allen,G
19,20150207,Notre Dame,W,0,16,1,3,0.3333333333333333,0,1,0,1,2,0.5,2,2,1,0,1.5,1.6666666666666667,0,2,2,1,0,1,0,0,5,0.8869203206432752,9,1.1392553672623416,34,0.9542997745875962,183,0.8942422371297345,2,0.9571561513152065,3,1.0162253306067037,24,Grayson Allen,G
22,20150218,UNC,W,0,4,0,2,0,0,2,0,0,0,NaN,2,2,1,0,NaN,1,0,0,0,0,0,0,0,0,2,0.9201167385556667,8,NaN,NA,0.8280786313840034,27,1.0353532581004692,1,0.8541561432509408,2,1.0919152114418658,6,Grayson Allen,G
23,20150221,Clemson,W,0,18,3,5,0.6,2,2,1,1,3,0.3333333333333333,3,3,1,2,1,2,0,2,2,1,0,0,1,3,10,0.7579328695841641,16,0.9038002852856887,30,0.8922127966741912,243,0.6424853434741339,3,1.000084185060141,6,1.113590763964637,47,Grayson Allen,G
26,20150304,Wake Forest,W,0,24,9,11,0.8181818181818182,5,6,0.8333333333333334,4,5,0.8,5,6,0.8333333333333334,1.6666666666666667,2.4,2.4545454545454546,2,2,4,0,0,0,0,3,27,0.8364716793776933,16,1.0555714538691874,37,1.003488009189551,328,0.8826038312669038,3,1.0121449842800245,8,1.0601890376487706,68,Grayson Allen,G
28,20150312,NC State,W,0,21,5,10,0.5,4,6,0.6666666666666666,1,4,0.25,0,0,NaN,1.3333333333333333,0.75,1.1,1,2,3,3,0,2,1,5,11,0.700929104258377,27,0.8519467348530142,33,0.9605546471243205,283,0.9441984341430087,6,1.0391792663403185,11,1.087339448034066,57,Grayson Allen,G
29,20150313,Notre Dame,L,0,11,0,3,0,0,1,0,0,2,0,0,0,NaN,0,0,0,0,1,1,0,1,0,2,4,0,0.6858402143336771,14,1.009494029770989,15,0.806374807237511,106,0.9816247240633938,6,0.9932828803463675,8,0.908945037348732,22,Grayson Allen,G
30,20150320,Robert Morris,W,0,12,0,3,0,0,1,0,0,2,0,1,2,0.5,0,0,0.3333333333333333,0,0,0,0,0,0,0,1,1,0.9296765589763755,6,1.0833678717726944,8,0.8874474721834917,141,1.091810528227713,2,1.5729147008406457,1,1.1401027994427881,53,Grayson Allen,G
31,20150322,San Diego State,W,0,9,2,2,1,1,1,1,1,1,1,0,0,NaN,2,3,2.5,0,1,1,0,0,0,0,4,5,0.8469535494683625,16,0.9066833252120394,30,1.0369010066196662,94,0.7819014439970539,2,0.8739262685581131,6,0.989630617140909,7,Grayson Allen,G
1,20141114,Presbyterian,W,0,18,4,4,1,3,3,1,1,1,1,3,3,1,2,3,3,0,2,2,4,2,1,1,0,12,0.6769032104727768,19,0.6435291033831254,21,0.8958684625874002,94,0.8814912009471293,11,1.0704710761881164,11,1.1050627186440534,82,Rasheed Sulaimon,G
2,20141115,Fairfield,W,0,18,0,0,NaN,0,0,NaN,0,0,NaN,0,0,NaN,NaN,NaN,NaN,0,0,0,4,1,0,0,1,0,0.5630287966985903,20,0.9693414610993792,11,1.0286928770058104,167,0.9130106649875214,6,1.083587363989174,8,1.0287712756775877,89,Rasheed Sulaimon,G
3,20141118,Michigan State,W,0,12,1,4,0.25,0,1,0,1,3,0.3333333333333333,0,0,NaN,0,1,0.75,0,1,1,0,1,0,2,0,3,1.0317334370706739,5,1.0440710600995193,5,1.0226929154291904,80,0.7568825554532069,2,0.9826233027764232,3,1.0977639554313128,37,Rasheed Sulaimon,G
4,20141121,Temple,W,0,14,1,5,0.2,1,4,0.25,0,1,0,0,2,0,0.5,0,0.4,0,2,2,0,0,0,2,3,2,0.6930575785953509,16,1.0454050856971768,19,1.0234392163702841,120,0.707150227954248,6,0.9352493531926562,9,1.0068175755598834,50,Rasheed Sulaimon,G
5,20141122,Stanford,W,0,19,2,5,0.4,1,2,0.5,1,3,0.3333333333333333,1,3,0.3333333333333333,1,1,1.2,0,1,1,2,0,0,1,0,6,0.7817945610263958,21,1.108192572229767,19,0.9374589632519106,182,0.8580928437559446,4,0.8720024102573246,5,1.0200955696797458,68,Rasheed Sulaimon,G
6,20141126,Furman,W,0,19,4,8,0.5,3,4,0.75,1,4,0.25,0,0,NaN,1.5,0.75,1.125,0,2,2,2,0,0,0,2,9,0.7504184001232959,17,0.6432064820661806,26,0.7756182128760298,165,1.0765175809798235,8,1.0286158123007108,13,0.9936795730763023,126,Rasheed Sulaimon,G
7,20141130,Army,W,0,26,4,10,0.4,3,6,0.5,1,4,0.25,4,4,1,1,0.75,1.3,0,2,2,2,1,0,0,2,13,0.8501806628928149,40,0.9688803023794966,36,0.9341517445509085,259,0.8752211918820367,8,1.032730904679533,9,1.151420805337698,80,Rasheed Sulaimon,G
9,20141215,Elon,W,0,26,4,9,0.4444444444444444,3,7,0.42857142857142855,1,2,0.5,2,2,1,0.8571428571428571,1.5,1.2222222222222223,0,3,3,3,2,0,0,3,11,0.966713436346354,36,0.8213164741949973,31,0.9468843361789302,237,1.0797026923466968,9,0.9679448138442827,17,1.0263307211650567,88,Rasheed Sulaimon,G
11,20141229,Toledo,W,0,18,2,5,0.4,1,2,0.5,1,3,0.3333333333333333,2,3,0.6666666666666666,1,1,1.4,1,1,2,0,0,0,3,3,7,0.923104268960626,24,0.9568164304043174,21,0.8587381943901765,144,0.8545614866812283,5,1.0061590259482955,7,0.9039427148975744,40,Rasheed Sulaimon,G
12,20141231,Wofford,W,0,19,2,4,0.5,1,2,0.5,1,2,0.5,1,2,0.5,1,1.5,1.5,0,2,2,2,0,0,2,3,6,0.9244017348981736,11,1.0863555589680474,23,0.8801352436378826,184,0.9780393928301391,4,1.0747430399116462,11,0.9449923166586481,89,Rasheed Sulaimon,G
13,20150103,Boston College,W,0,20,4,7,0.5714285714285714,1,4,0.25,3,3,1,0,0,NaN,0.5,3,1.5714285714285714,0,3,3,2,1,0,1,0,11,1.1244454292591453,7,0.9432036660088124,20,0.980432881487834,268,0.9351198601608367,5,0.9279331609594518,11,0.9866960520276081,97,Rasheed Sulaimon,G
16,20150113,Miami (FL),L,0,26,5,14,0.35714285714285715,3,6,0.5,2,8,0.25,2,2,1,1,0.75,1,0,0,0,3,2,0,3,4,14,0.7116410323142207,27,0.7952044235272464,46,0.8160808090483453,231,0.802889733878962,9,0.9367064262652668,23,0.9306557503049673,106,Rasheed Sulaimon,G
18,20150119,Pitt,W,0,25,4,6,0.6666666666666666,0,1,0,4,5,0.8,1,2,0.5,0,2.4,2.1666666666666665,1,3,4,1,2,0,1,2,13,0.8471303390835874,30,0.9256844791414895,43,1.0904698896269713,299,0.926618764614891,9,1.0126890180023826,7,1.109184787764041,98,Rasheed Sulaimon,G
1,20141114,Presbyterian,W,0,17,1,2,0.5,0,1,0,1,1,1,2,2,1,0,3,2.5,4,3,7,3,2,0,1,3,5,0.8212577494197852,87,1.0104680516263038,67,1.052258055488991,28,0.7230632025932884,4,0.7593164032734039,9,NaN,NA,Marshall Plumlee,C
2,20141115,Fairfield,W,0,13,3,3,1,3,3,1,0,0,NaN,2,2,1,2,NaN,2.6666666666666665,1,0,1,0,0,1,0,0,8,0.6367905857030243,112,0.7030388408552892,32,0.9958067701249402,17,1.1119846631311856,5,0.7200963819260736,8,0.5405023043604528,3,Marshall Plumlee,C
3,20141118,Michigan State,W,0,9,0,0,NaN,0,0,NaN,0,0,NaN,0,0,NaN,NaN,NaN,NaN,0,1,1,0,0,1,0,2,0,0.8757334214206822,84,1.0533569413789872,26,0.9228565003659969,26,NaN,NA,NaN,NA,NaN,NA,Marshall Plumlee,C
4,20141121,Temple,W,0,11,1,1,1,1,1,1,0,0,NaN,0,0,NaN,2,NaN,2,1,4,5,1,2,2,1,0,2,0.6571681936370728,75,0.8025748745040309,33,0.693501439345103,19,0.02054515382784963,1,0.8300679515130003,10,0.6624911537412319,3,Marshall Plumlee,C
5,20141122,Stanford,W,0,5,0,0,NaN,0,0,NaN,0,0,NaN,0,0,NaN,NaN,NaN,NaN,1,0,1,0,0,0,0,1,0,0.6881537722411832,51,0.7543818960446902,10,0.3760431296037926,5,NaN,NA,0.7319387171641552,3,0.39526715734536216,3,Marshall Plumlee,C
6,20141126,Furman,W,0,12,0,0,NaN,0,0,NaN,0,0,NaN,2,2,1,NaN,NaN,Inf,1,1,2,0,0,0,0,1,2,0.7643382634739195,111,0.9260319602092255,27,0.9924471034264377,18,0.7909414447633519,3,0.9062380413045397,2,0.7198711216448896,2,Marshall Plumlee,C
7,20141130,Army,W,0,13,2,2,1,2,2,1,0,0,NaN,4,4,1,2,NaN,4,3,2,5,0,0,2,1,3,8,0.7441650943478293,141,0.7287457533132982,16,0.8832068882256975,26,0.5715162305116754,4,0.6701564325110857,1,1.2760076577085828,1,Marshall Plumlee,C
9,20141215,Elon,W,0,10,0,0,NaN,0,0,NaN,0,0,NaN,0,0,NaN,NaN,NaN,NaN,0,2,2,0,0,2,0,2,0,0.673845921684363,165,0.5710822724792842,26,0.648905750946655,14,0.7846473933667601,1,0.9653929459756803,2,NaN,NA,Marshall Plumlee,C
11,20141229,Toledo,W,0,6,1,1,1,1,1,1,0,0,NaN,2,4,0.5,2,NaN,4,1,1,2,0,0,0,0,0,4,0.7433017780146175,102,0.8151903494420362,16,0.8745538850772986,6,0.8380861578940982,4,1.0457282662169491,2,NaN,NA,Marshall Plumlee,C
12,20141231,Wofford,W,0,11,0,1,0,0,1,0,0,0,NaN,3,4,0.75,0,NaN,3,1,2,3,0,0,0,0,0,3,0.7295827239885422,109,0.8397383479857297,44,0.7440783763652061,22,NaN,NA,0.5739913846393737,1,0.4790422208630976,2,Marshall Plumlee,C
13,20150103,Boston College,W,0,11,1,1,1,1,1,1,0,0,NaN,1,2,0.5,2,NaN,3,4,2,6,1,1,4,1,0,3,0.6976108536751225,206,0.9947577743788621,18,1.106709257247406,16,0.6568876513885421,3,NaN,NA,NaN,NA,Marshall Plumlee,C
16,20150113,Miami (FL),L,0,6,0,0,NaN,0,0,NaN,0,0,NaN,0,0,NaN,NaN,NaN,NaN,0,0,0,0,1,0,0,2,0,0.8328859202281254,75,0.8980565853305325,9,1.0384980309524776,4,NaN,NA,0.7611716812109366,6,NaN,NA,Marshall Plumlee,C
18,20150119,Pitt,W,0,7,1,1,1,1,1,1,0,0,NaN,2,2,1,2,NaN,4,1,0,1,0,0,1,0,4,4,0.7654700045274917,92,0.9683213845547707,29,0.8620963540697169,7,0.8259022461269914,9,NaN,NA,NaN,NA,Marshall Plumlee,C
22,20150204,Georgia Tech,W,0,8,0,1,0,0,1,0,0,0,NaN,0,0,NaN,0,NaN,0,1,1,2,0,0,0,0,3,0,0.7779315060076326,63,0.8604015226229447,17,0.9900167311072329,2,1.2386627845524183,1,NaN,NA,NaN,NA,Marshall Plumlee,C
23,20150207,Notre Dame,W,0,11,1,2,0.5,1,2,0.5,0,0,NaN,0,0,NaN,1,NaN,1,1,2,3,0,0,1,1,4,2,0.7376168096652619,105,0.8139836501021501,15,0.7341377159533574,13,0.777315513472027,1,NaN,NA,1.3161075805317084,1,Marshall Plumlee,C
26,20150218,UNC,W,0,7,0,0,NaN,0,0,NaN,0,0,NaN,0,0,NaN,NaN,NaN,NaN,1,1,2,0,0,0,0,0,0,0.7829135273702076,64,0.7933562773865893,34,0.9407229359073896,25,NaN,NA,NaN,NA,1.072475026655147,3,Marshall Plumlee,C
27,20150221,Clemson,W,0,24,1,1,1,1,1,1,0,0,NaN,1,2,0.5,2,NaN,3,0,3,3,0,0,0,0,3,3,0.7490745059279922,273,0.8039397254121466,66,0.6926506329735205,59,0.716604141021744,1,0.7674117293630432,6,0.9685783546806599,3,Marshall Plumlee,C
30,20150304,Wake Forest,W,0,18,1,1,1,1,1,1,0,0,NaN,2,2,1,2,NaN,4,1,3,4,1,1,0,1,2,4,0.7785416887025038,269,0.7542053510141815,37,0.9197546002327358,27,0.8129072615880634,3,0.9167586976019115,2,NaN,NA,Marshall Plumlee,C
32,20150312,NC State,W,0,21,6,6,1,6,6,1,0,0,NaN,0,0,NaN,2,NaN,2,1,1,2,1,1,3,0,3,12,0.5232346788377701,274,0.8609805511519586,76,0.9244115889397274,54,0.4932970339238743,5,0.7618177253931854,6,1.0505229876616515,8,Marshall Plumlee,C
33,20150313,Notre Dame,L,0,5,1,1,1,1,1,1,0,0,NaN,0,0,NaN,2,NaN,2,1,0,1,0,0,0,0,1,2,0.5863451824889137,69,0.8622916962745834,24,0.7572367831863089,15,0.7539492240324361,3,NaN,NA,NaN,NA,Marshall Plumlee,C
34,20150320,Robert Morris,W,0,19,5,6,0.8333333333333334,5,6,0.8333333333333334,0,0,NaN,0,1,0,1.6666666666666667,NaN,1.6666666666666667,5,5,10,1,0,0,1,0,10,0.6095490677752287,271,0.6767098402810487,41,0.9204752255833867,20,0.8337520423643616,2,NaN,NA,1.2489026779220385,3,Marshall Plumlee,C
35,20150322,San Diego State,W,0,7,0,0,NaN,0,0,NaN,0,0,NaN,0,0,NaN,NaN,NaN,NaN,0,0,0,1,0,0,0,1,0,0.7699469918412238,73,0.7697412055204289,20,0.7268861811442138,21,NaN,NA,0.6869977962821331,7,0.6117896605169224,2,Marshall Plumlee,C
1,20141114,Presbyterian,W,0,19,1,6,0.16666666666666666,0,0,NaN,1,6,0.16666666666666666,0,0,NaN,NaN,0.5,0.5,1,4,5,0,2,0,0,4,3,0.9265622165351165,70,1.00465753318014,67,0.8477537627911891,84,NaN,NA,NaN,NA,0.6684316009224722,16,Semi Ojeleye,F
2,20141115,Fairfield,W,0,11,2,5,0.4,0,0,NaN,2,5,0.4,1,2,0.5,NaN,1.2,1.4,0,1,1,0,1,0,0,2,7,0.6958673148043215,44,0.8108230365600558,21,0.754225069454513,76,NaN,NA,1.066521795466133,1,0.7204557978460764,13,Semi Ojeleye,F
3,20141118,Michigan State,W,0,2,0,0,NaN,0,0,NaN,0,0,NaN,0,0,NaN,NaN,NaN,NaN,0,1,1,0,0,0,0,0,0,NaN,NA,1.217841538854899,4,0.8080539251304455,23,NaN,NA,NaN,NA,NaN,NA,Semi Ojeleye,F
4,20141121,Temple,W,0,4,0,2,0,0,0,NaN,0,2,0,0,0,NaN,NaN,0,0,0,0,0,0,0,0,0,2,0,0.7496673275130888,20,0.6561500200289743,15,0.7716675246622738,24,NaN,NA,NaN,NA,0.7944658522857546,6,Semi Ojeleye,F
5,20141126,Furman,W,0,15,2,3,0.6666666666666666,1,1,1,1,2,0.5,1,1,1,2,1.5,2,1,2,3,0,0,0,0,2,6,0.8272207838279606,70,0.7854247399828339,64,0.7586711586552926,91,0.9947058305866459,3,1.0554967669399447,1,0.7145745638963945,10,Semi Ojeleye,F
6,20141130,Army,W,0,12,0,2,0,0,1,0,0,1,0,2,4,0.5,0,0,1,1,3,4,1,0,0,0,1,2,0.9982524384663772,51,0.8203136507014808,76,0.8065427840242408,130,NaN,NA,0.7827882159034907,7,0.9040777963279,19,Semi Ojeleye,F
1,20141114,Presbyterian,W,0,5,0,0,NaN,0,0,NaN,0,0,NaN,0,0,NaN,NaN,NaN,NaN,1,1,2,1,0,0,0,1,0,0.8554282167674649,10,0.9075888213759921,8,0.7428521600638633,26,NaN,NA,NaN,NA,0.7691242387443458,2,Nick Pagliuca,G
2,20141115,Fairfield,W,0,3,1,3,0.3333333333333333,0,0,NaN,1,3,0.3333333333333333,0,0,NaN,NaN,1,1,0,1,1,0,0,0,0,0,3,0.7248288237913739,7,0.8675671924601552,10,0.8373603577795696,21,NaN,NA,0.9902727440191976,2,0.8173790850045012,6,Nick Pagliuca,G
3,20141126,Furman,W,0,2,0,1,0,0,1,0,0,0,NaN,0,0,NaN,0,NaN,0,0,0,0,0,0,0,0,1,0,1.128675312522749,3,0.8291247039096826,6,0.7292203480646552,18,NaN,NA,1.0548484831214158,2,0.9709463945602224,2,Nick Pagliuca,G
4,20150103,Boston College,W,0,1,0,0,NaN,0,0,NaN,0,0,NaN,0,0,NaN,NaN,NaN,NaN,0,0,0,0,0,0,0,1,0,0.7215503328414059,4,0.6701397121154831,5,0.8318258078995076,16,NaN,NA,0.9472466355623211,4,0.9432002002535439,3,Nick Pagliuca,G
5,20150207,Notre Dame,W,0,1,0,0,NaN,0,0,NaN,0,0,NaN,0,0,NaN,NaN,NaN,NaN,0,0,0,0,0,0,0,0,0,0.5743528399904303,3,0.7149866845885955,2,0.9200732211252723,15,NaN,NA,NaN,NA,NaN,NA,Nick Pagliuca,G
6,20150221,Clemson,W,0,1,0,0,NaN,0,0,NaN,0,0,NaN,0,0,NaN,NaN,NaN,NaN,0,0,0,0,0,0,0,1,0,0.6930814391838311,7,1.1157348473566555,3,1.1142384457340924,31,NaN,NA,NaN,NA,NaN,NA,Nick Pagliuca,G
7,20150312,NC State,W,0,2,0,1,0,0,0,NaN,0,1,0,0,0,NaN,NaN,0,0,0,0,0,0,0,0,0,0,0,NaN,NA,1.0112011923279618,18,1.071459440020986,46,NaN,NA,NaN,NA,0.8661208826045721,2,Nick Pagliuca,G
8,20150320,Robert Morris,W,0,2,0,0,NaN,0,0,NaN,0,0,NaN,0,0,NaN,NaN,NaN,NaN,1,0,1,0,0,0,0,0,0,0.9155480789858347,6,0.965659533389816,10,0.8817723236159165,30,NaN,NA,NaN,NA,NaN,NA,Nick Pagliuca,G
9,20150322,San Diego State,W,0,0,0,0,NaN,0,0,NaN,0,0,NaN,0,0,NaN,NaN,NaN,NaN,0,0,0,0,0,0,0,0,0,NA,NA,NA,NA,NA,NA,NA,NA,NA,NA,NA,NA,Nick Pagliuca,G
1,20141114,Presbyterian,W,0,3,0,1,0,0,0,NaN,0,1,0,0,0,NaN,NaN,0,0,0,0,0,1,0,0,0,0,0,0.8457984203613323,5,0.7674821787550832,4,0.7186356231936145,7,NaN,NA,NaN,NA,0.8329176784286859,2,Sean Kelly,G
2,20141115,Fairfield,W,0,1,0,0,NaN,0,0,NaN,0,0,NaN,0,0,NaN,NaN,NaN,NaN,0,0,0,1,0,0,0,0,0,NaN,NA,NaN,NA,0.665392839538438,14,NaN,NA,NaN,NA,0.7372242266013397,1,Sean Kelly,G
3,20150103,Boston College,W,0,1,0,0,NaN,0,0,NaN,0,0,NaN,0,0,NaN,NaN,NaN,NaN,0,0,0,0,0,0,0,0,0,0.8857729900320374,5,0.790721864301122,7,0.9154627065732365,20,NaN,NA,NaN,NA,0.835928205522436,2,Sean Kelly,G
4,20150207,Notre Dame,W,0,1,0,0,NaN,0,0,NaN,0,0,NaN,0,0,NaN,NaN,NaN,NaN,0,0,0,0,0,0,0,0,0,0.7981765546107842,1,0.8301853816838415,5,0.8545986294194217,14,NaN,NA,NaN,NA,NaN,NA,Sean Kelly,G
5,20150221,Clemson,W,0,1,0,0,NaN,0,0,NaN,0,0,NaN,0,0,NaN,NaN,NaN,NaN,0,0,0,0,0,0,0,0,0,NaN,NA,0.9527729030389807,2,0.8502871849266784,15,NaN,NA,NaN,NA,NaN,NA,Sean Kelly,G
6,20150304,Wake Forest,W,0,2,0,0,NaN,0,0,NaN,0,0,NaN,0,0,NaN,NaN,NaN,NaN,0,0,0,0,0,0,0,0,0,1.7341320090517214,1,1.1286015948064085,6,1.1199769713936616,17,NaN,NA,NaN,NA,NaN,NA,Sean Kelly,G
7,20150312,NC State,W,0,1,0,0,NaN,0,0,NaN,0,0,NaN,0,0,NaN,NaN,NaN,NaN,0,0,0,0,0,0,0,0,0,1.210798789272638,1,1.1260999362643909,10,0.9897706025321416,39,NaN,NA,NaN,NA,NaN,NA,Sean Kelly,G
8,20150320,Robert Morris,W,0,1,0,0,NaN,0,0,NaN,0,0,NaN,0,0,NaN,NaN,NaN,NaN,0,0,0,0,0,0,0,0,0,NaN,NA,NaN,NA,0.939962971200459,17,NaN,NA,NaN,NA,NaN,NA,Sean Kelly,G
9,20150322,San Diego State,W,0,0,0,0,NaN,0,0,NaN,0,0,NaN,0,0,NaN,NaN,NaN,NaN,0,0,0,0,0,0,0,0,0,NA,NA,NA,NA,NA,NA,NA,NA,NA,NA,NA,NA,Sean Kelly,G
