,game,player,offball_zone_one,offball_zone_two,offball_zone_three,offball_zone_four,offball_zone_five,ball_one,ball_two,ball_three,ball_four,ball_five
0,20141114,842298,0,0,"(0.9418791080793177, 12)","(0.8581890221721494, 24)","(0.7701261691898322, 171)","(0.3157011261096847, 1)","(1.5389577571576882, 2)","(0.8956617056241224, 3)","(0.973398906587889, 9)","(0.8667916406696634, 42)"
1,20141114,842297,"(1.0, 1)","(1.0, 1)","(0.8553851265824233, 13)","(0.7865266621620061, 26)","(0.8648156456534546, 167)",0,0,0,"(0.9099319039717462, 8)","(0.9862445857149286, 78)"
2,20141114,601140,0,0,"(0.8650234524685145, 11)","(0.9031695616776019, 19)","(0.8534886101141957, 173)",0,"(1.562364315522577, 1)","(0.9313219200654572, 4)","(0.9853264592874955, 9)","(0.955952361050134, 80)"
3,20141114,696290,"(0.8984731821874845, 4)","(0.632028691659014, 8)","(0.8274473891909822, 79)","(0.9655915259892046, 37)","(1.1899742749353541, 46)",0,0,"(0.8467360138913085, 6)","(1.3525868984768075, 1)","(1.4758919885988564, 5)"
4,20141114,842301,"(0.8500533165096636, 3)","(0.9940476360841846, 7)","(0.7957168231896876, 211)","(0.7253148072143386, 21)","(0.820117296269755, 11)","(-0.20280845205081321, 3)","(0.14635281046965326, 3)","(0.7947542941659649, 25)","(1.6782736787097197, 1)",0
5,20141114,601143,"(0.5634812106940892, 2)","(0.8717963123824722, 14)","(0.8212577494197852, 87)","(1.0104680516263038, 67)","(1.052258055488991, 28)",0,"(0.5685009645316716, 1)","(0.7230632025932884, 4)","(0.7593164032734039, 9)",0
6,20141114,792415,0,"(1.003419561050169, 8)","(0.9265622165351165, 70)","(1.00465753318014, 67)","(0.8477537627911891, 84)",0,0,0,0,"(0.6684316009224722, 16)"
7,20141114,696289,0,"(1.0, 1)","(0.6769032104727768, 19)","(0.6435291033831254, 21)","(0.8958684625874002, 94)","(3.337489028822921, 3)",0,"(0.8814912009471293, 11)","(1.0704710761881164, 11)","(1.1050627186440534, 82)"
8,20141114,842296,0,"(1.0, 1)","(0.9229749454113192, 19)","(0.8573121210394876, 22)","(0.8800452908293404, 95)","(1.8544903572514286, 3)",0,"(0.9903147942626199, 1)","(1.1227097364578071, 1)","(1.0288816706363437, 43)"
9,20141114,756883,0,"(1.0544311828382984, 2)","(1.0830626041482754, 10)","(1.0536774561058155, 43)","(0.8597121154750798, 114)",0,0,"(1.0681520456313798, 3)","(0.7782764173022503, 4)","(0.9138268237411443, 18)"
10,20141114,786843,"(0.8518986408060734, 6)",0,"(0.8554282167674649, 10)","(0.9075888213759921, 8)","(0.7428521600638633, 26)",0,0,0,0,"(0.7691242387443458, 2)"
11,20141114,842313,0,0,"(0.8457984203613323, 5)","(0.7674821787550832, 4)","(0.7186356231936145, 7)",0,0,0,0,"(0.8329176784286859, 2)"
12,20141115,842297,"(0.5645927356747137, 2)","(0.8480168537721227, 3)","(0.6667663711042596, 23)","(0.5891735846206114, 21)","(0.8703737940935548, 190)",0,"(0.9599834114535324, 1)","(0.9423880152136747, 7)","(0.92862552471768, 8)","(0.9398028392115414, 103)"
13,20141115,842301,"(0.8770221127150094, 5)","(0.8668026914223236, 19)","(0.7174214876115054, 336)","(0.7592329268593526, 30)","(0.8617682727334431, 15)","(0.9048209998784776, 6)","(0.7568244233377576, 5)","(0.8479174451749325, 37)","(1.027388870125107, 3)","(0.8708264539614368, 5)"
14,20141115,842298,"(1.0, 4)","(0.939844760833363, 1)","(0.6618186003523827, 32)","(1.0039429553128438, 41)","(0.9122318308122687, 227)","(1.4620602533393372, 1)","(1.7896475178785831, 3)","(0.9059560559563457, 9)","(1.0300345928903825, 8)","(0.9535398056278226, 62)"
15,20141115,601140,"(0.6528452077511686, 1)","(0.2873960135719296, 2)","(0.7676777307892568, 13)","(0.7126717462415716, 15)","(0.8905241020025727, 281)",0,0,"(0.6376925789080282, 6)","(0.8833655817812227, 10)","(0.9639545231074351, 114)"
16,20141115,696290,"(1.0, 2)","(0.769500703415656, 21)","(0.7494880885923209, 149)","(0.8744023941588074, 67)","(0.840356561671812, 113)","(-0.27215480632360606, 4)","(-0.23966918030958503, 3)","(0.5182725394464501, 28)","(0.6046553651381398, 14)","(0.7865066935591873, 13)"
17,20141115,601519,0,0,"(0.48564734766650913, 1)",0,0,0,0,0,0,0
18,20141115,601143,"(0.8084796450399431, 5)","(0.8545479758980323, 23)","(0.6367905857030243, 112)","(0.7030388408552892, 32)","(0.9958067701249402, 17)",0,"(0.7036300231359409, 1)","(1.1119846631311856, 5)","(0.7200963819260736, 8)","(0.5405023043604528, 3)"
19,20141115,696289,"(1.0, 1)","(0.33381492066629737, 1)","(0.5630287966985903, 20)","(0.9693414610993792, 11)","(1.0286928770058104, 167)",0,0,"(0.9130106649875214, 6)","(1.083587363989174, 8)","(1.0287712756775877, 89)"
20,20141115,756883,"(0.8826026187601683, 3)","(0.8062328723070654, 9)","(0.897121943092609, 31)","(0.9993059888332783, 37)","(0.8862047329376168, 213)","(1.652087857275759, 1)",0,"(1.0360909119947581, 1)",0,"(0.921359243586379, 14)"
21,20141115,792415,"(1.0, 3)","(0.7977263591845865, 2)","(0.6958673148043215, 44)","(0.8108230365600558, 21)","(0.754225069454513, 76)",0,0,0,"(1.066521795466133, 1)","(0.7204557978460764, 13)"
22,20141115,842296,0,0,"(0.7503055137588587, 11)","(1.1052118207425967, 13)","(0.9360212366174832, 125)","(1.790657944597526, 1)",0,"(1.3224369695435165, 2)","(1.0289017747510996, 4)","(1.0496791508714913, 34)"
23,20141115,712599,0,0,0,"(0.6985885485111504, 1)",0,0,0,0,0,0
24,20141115,786843,"(0.6047944612948567, 4)","(1.236035853837967, 1)","(0.7248288237913739, 7)","(0.8675671924601552, 10)","(0.8373603577795696, 21)",0,0,0,"(0.9902727440191976, 2)","(0.8173790850045012, 6)"
25,20141115,842313,0,0,0,0,"(0.665392839538438, 14)",0,0,0,0,"(0.7372242266013397, 1)"
26,20141118,842301,"(0.9328265561943682, 7)","(0.6220684119746015, 9)","(0.8587759982815314, 330)","(0.8552406157190978, 62)","(0.901593869836887, 36)","(1.10484892682146, 2)","(0.3530311794190871, 5)","(0.8293788125171149, 29)","(0.8158306780175947, 2)","(1.030903272809877, 3)"
27,20141118,601140,"(1.0, 2)","(0.5831511544096015, 4)","(0.8395503679149542, 28)","(1.0384294809313497, 30)","(0.9941534077519162, 337)","(0.43419287118058436, 5)","(1.0776912451292315, 1)","(0.8381944435571136, 11)","(1.1419224610035708, 11)","(1.115708129421239, 202)"
28,20141118,842298,"(1.0, 1)","(1.0552103551335945, 5)","(0.9444165664075235, 48)","(0.9519978315100277, 81)","(0.9416140503838745, 339)","(1.362161870414297, 2)","(0.2257100183326907, 1)","(0.8352056021842159, 15)","(0.9606925992090849, 19)","(1.0200371142729547, 100)"
29,20141118,842297,0,"(0.2881212611532891, 3)","(0.6709515591982993, 30)","(0.9965779956191553, 51)","(0.9647961506435836, 335)",0,"(0.7411851187401645, 2)","(1.7249725256562671, 3)","(1.256655677329936, 4)","(1.0145294221463304, 135)"
30,20141118,696290,0,"(0.7911644571756212, 11)","(0.8067904697180394, 127)","(0.885959082984985, 66)","(1.0187817333660165, 96)",0,"(1.4643250092482654, 1)","(0.8391521661156098, 4)","(0.6777947868930171, 4)","(0.8922019210714697, 11)"
31,20141118,601143,0,"(1.1386859101712619, 2)","(0.8757334214206822, 84)","(1.0533569413789872, 26)","(0.9228565003659969, 26)",0,0,0,0,0
32,20141118,792415,0,0,0,"(1.217841538854899, 4)","(0.8080539251304455, 23)",0,0,0,0,0
33,20141118,756883,"(0.7035802869374724, 2)","(0.9064718390833161, 5)","(0.8509844407475949, 35)","(0.8856616136537028, 47)","(0.8744481796362353, 288)",0,"(0.904526301228738, 2)","(0.7276879214654862, 1)","(0.9194142114104669, 10)","(1.0171621409742921, 37)"
34,20141118,696289,0,0,"(1.0317334370706739, 5)","(1.0440710600995193, 5)","(1.0226929154291904, 80)",0,0,"(0.7568825554532069, 2)","(0.9826233027764232, 3)","(1.0977639554313128, 37)"
35,20141118,842296,"(1.0, 1)",0,"(1.2815641873694346, 5)","(1.232026612159571, 1)","(1.2524152328111404, 3)",0,0,"(0.9789038753385744, 3)",0,0
36,20141121,842301,"(0.7104145933051916, 8)","(0.913661668643568, 25)","(0.8675665123858092, 307)","(0.6955428511418537, 43)","(1.2415107721807135, 30)","(0.525884899956128, 5)","(0.8774387811194451, 5)","(0.7344620439547936, 53)","(0.6425990464902354, 2)",0
37,20141121,842297,0,"(0.9968186423935428, 2)","(0.7198171288334858, 47)","(0.7591042712037668, 37)","(0.8919932160761058, 266)",0,"(1.7525682564255272, 1)","(0.8227202431341464, 10)","(1.0094180320033417, 13)","(1.0332114289778054, 132)"
38,20141121,601140,"(1.0, 3)","(0.6893893278731, 5)","(0.745834194405135, 34)","(0.8918740155523119, 34)","(0.9484118661011154, 362)",0,"(0.18032454300886513, 1)","(1.0563807983321702, 6)","(0.9769092285571029, 19)","(1.0374806705658595, 93)"
39,20141121,842298,"(0.4957374231110302, 1)","(1.0556915753631662, 6)","(0.8136983390519863, 53)","(0.8106977872779606, 63)","(0.8286153798128532, 205)","(2.6394133513518767, 5)","(0.9932409453392663, 2)","(0.8473265319279873, 10)","(0.7938817176261028, 15)","(0.8138829446284157, 49)"
40,20141121,696290,"(0.7401599267353673, 5)","(0.7514050755831518, 20)","(0.7217326429059471, 228)","(0.784169022176934, 114)","(0.7540464960461307, 78)","(0.48666504510382796, 3)","(-0.5190596814236188, 2)","(1.0507011844038838, 14)","(0.7252887844086201, 34)","(1.0860094880061162, 29)"
41,20141121,696289,"(1.0, 1)","(0.8115784524046874, 2)","(0.6930575785953509, 16)","(1.0454050856971768, 19)","(1.0234392163702841, 120)",0,"(1.2792726874641185, 1)","(0.707150227954248, 6)","(0.9352493531926562, 9)","(1.0068175755598834, 50)"
42,20141121,792415,0,0,"(0.7496673275130888, 20)","(0.6561500200289743, 15)","(0.7716675246622738, 24)",0,0,0,0,"(0.7944658522857546, 6)"
43,20141121,842296,0,"(1.0, 1)","(0.7790001035237241, 1)","(0.90862575690569, 9)","(0.8621867138715632, 55)",0,0,0,0,"(0.8390263462468651, 8)"
44,20141121,601143,"(0.7608946936685351, 3)","(0.3053103575248774, 3)","(0.6571681936370728, 75)","(0.8025748745040309, 33)","(0.693501439345103, 19)",0,0,"(0.02054515382784963, 1)","(0.8300679515130003, 10)","(0.6624911537412319, 3)"
45,20141121,756883,"(0.5755877708491595, 1)",0,"(0.7294438327957237, 14)","(0.9511839785304436, 37)","(0.8574858201891712, 144)",0,0,"(0.9465836477376868, 2)","(0.9195993075101034, 10)","(0.9294540305391035, 34)"
46,20141122,842297,"(1.0, 1)","(1.3442455788543903, 1)","(0.8037603380427384, 15)","(0.7974115449363549, 15)","(0.8858869538695582, 252)","(-0.7937898652193977, 1)",0,"(0.7891688074010359, 6)","(0.9507481746732298, 5)","(1.0045972781369752, 113)"
47,20141122,842301,"(0.7736570682989325, 10)","(0.578995510954355, 20)","(0.7532570636789809, 469)","(0.7478158866209885, 59)","(0.9039268283781917, 39)","(2.5910336534548257, 1)","(0.6618792598475499, 1)","(0.9994005439284069, 24)","(0.9938362302323999, 7)","(1.05540563821262, 9)"
48,20141122,842298,0,"(0.6570839241513169, 4)","(0.8153325913860828, 39)","(0.8470159262686238, 75)","(0.9206070396784041, 369)",0,0,"(0.8154590177884907, 8)","(0.8646588542555808, 20)","(0.9286739131774089, 66)"
49,20141122,601140,"(0.6698726210536363, 1)","(0.8352190820126603, 2)","(0.6442338702916396, 29)","(0.8173151308676815, 22)","(0.9469804604939008, 385)",0,"(0.41921577471127686, 3)","(1.0327605177589267, 8)","(1.0655442698685997, 20)","(1.0462282959568263, 225)"
50,20141122,696290,"(0.6688554121169986, 2)","(0.6298918376914094, 11)","(0.6525361567435114, 234)","(0.7383516300980159, 107)","(0.7488439348540165, 96)","(0.6143068209997116, 2)","(1.029174066770782, 1)","(0.7490689325904323, 20)","(0.6650840901290553, 19)","(0.6749086080348582, 14)"
51,20141122,601143,"(0.5333639204927707, 1)",0,"(0.6881537722411832, 51)","(0.7543818960446902, 10)","(0.3760431296037926, 5)",0,0,0,"(0.7319387171641552, 3)","(0.39526715734536216, 3)"
52,20141122,696289,"(0.7391785355351568, 2)","(0.42753088226825986, 1)","(0.7817945610263958, 21)","(1.108192572229767, 19)","(0.9374589632519106, 182)",0,0,"(0.8580928437559446, 4)","(0.8720024102573246, 5)","(1.0200955696797458, 68)"
53,20141122,756883,"(0.9213993986736533, 5)","(0.7215384113311863, 7)","(0.7956246419459344, 24)","(0.9980109585323902, 38)","(0.8902744564143033, 208)","(2.3623324491374635, 1)","(0.8407956582990448, 2)","(0.904323809502567, 6)","(0.8074963385383925, 6)","(0.9795493919283905, 26)"
54,20141126,842301,"(0.9179849205884315, 4)","(0.9556719651026236, 12)","(0.8407349933184405, 307)","(0.9587436651439819, 22)","(0.8898687257082376, 25)","(0.8522855520729246, 4)","(1.9444962330764113, 3)","(0.8795660977640128, 30)","(3.0220332088593276, 1)",0
55,20141126,601140,0,"(1.0, 1)","(0.6604338152707813, 15)","(1.0004060440871667, 18)","(0.8073358417968567, 184)",0,0,"(1.5714732570343541, 3)","(1.1529996887110372, 6)","(0.9225470115315697, 103)"
56,20141126,842298,"(0.9468885014398083, 5)","(0.5955403540648679, 7)","(0.8422976512114294, 51)","(0.9024538821167036, 35)","(0.8688214712539667, 200)","(-0.39698027213511705, 5)","(1.2773082378310876, 1)","(0.5789573531234422, 2)","(0.9122133818642512, 8)","(0.9640457988543898, 41)"
57,20141126,696290,"(0.7998975742437797, 8)","(0.711118582070416, 14)","(0.6992590886837193, 172)","(0.8575398510132181, 59)","(0.8118217341315583, 65)","(1.0709526732588281, 3)","(1.3447251532646818, 5)","(0.9379324637432709, 8)","(0.9139384375427347, 6)","(0.564647172707529, 8)"
58,20141126,842297,"(0.6003459047887012, 1)",0,"(1.0344580831690018, 17)","(0.9221760230225733, 13)","(0.8272606914882038, 174)",0,"(0.6341439228147493, 1)","(0.8987364286470716, 3)","(1.0024957339738942, 2)","(0.9281592029362228, 137)"
59,20141126,601143,"(0.8604119514973279, 4)","(0.6604774834099294, 10)","(0.7643382634739195, 111)","(0.9260319602092255, 27)","(0.9924471034264377, 18)",0,0,"(0.7909414447633519, 3)","(0.9062380413045397, 2)","(0.7198711216448896, 2)"
60,20141126,696289,0,0,"(0.7504184001232959, 17)","(0.6432064820661806, 26)","(0.7756182128760298, 165)",0,0,"(1.0765175809798235, 8)","(1.0286158123007108, 13)","(0.9936795730763023, 126)"
61,20141126,792415,"(0.5702031510669049, 1)","(0.5931274148934582, 5)","(0.8272207838279606, 70)","(0.7854247399828339, 64)","(0.7586711586552926, 91)",0,0,"(0.9947058305866459, 3)","(1.0554967669399447, 1)","(0.7145745638963945, 10)"
62,20141126,842296,"(0.8088881591711123, 2)","(0.8710476469282056, 3)","(0.8954953420640368, 20)","(0.7336401191183424, 17)","(0.7682605901736524, 157)",0,0,"(0.9304612714091446, 6)","(1.1459362512726674, 3)","(0.817049127433131, 20)"
63,20141126,756883,"(1.0, 5)","(1.0563270795381206, 2)","(0.705088671910105, 22)","(0.8002009040988642, 25)","(0.8044344996739532, 237)",0,0,"(0.8630424344086733, 2)","(1.1576987985800644, 2)","(0.8565737697441898, 38)"
64,20141126,786843,0,0,"(1.128675312522749, 3)","(0.8291247039096826, 6)","(0.7292203480646552, 18)",0,0,0,"(1.0548484831214158, 2)","(0.9709463945602224, 2)"
65,20141130,696290,"(0.7296713907853213, 12)","(0.742371222399867, 12)","(0.7687654772208914, 128)","(0.8959852074515092, 61)","(0.9791756601329005, 45)",0,0,"(0.7387900814073768, 2)","(1.27323554820088, 1)","(1.1989123725097761, 11)"
66,20141130,842301,"(1.0, 3)","(0.7645047320338918, 12)","(0.8707449700197805, 292)","(0.8883774541349455, 53)","(0.9032072713822402, 36)","(2.054791531134572, 4)","(0.8607635901611481, 2)","(0.8540410025989958, 42)","(0.9378008923473112, 6)",0
67,20141130,842298,0,"(0.5713170025913301, 1)","(0.8265465196556246, 13)","(0.7951187146855896, 49)","(0.8630450941058114, 110)",0,"(0.8874795166485723, 4)","(1.2136674093701214, 5)","(1.1378323853112575, 2)","(0.9884303613012104, 24)"
68,20141130,601140,0,"(0.9233658097939431, 3)","(0.7915649095618466, 42)","(0.8227259229189409, 37)","(0.9338820228825953, 248)","(0.9607851118659156, 3)","(0.6843898625172407, 3)","(1.0770340764494661, 10)","(1.1217539458971095, 20)","(1.1069571549595247, 109)"
69,20141130,842297,"(1.0, 2)","(0.6720335007583559, 2)","(0.7298413835136038, 34)","(0.6063206847625703, 18)","(0.7559508136458488, 304)",0,"(1.0781546863913343, 2)","(0.9609147815750715, 10)","(1.011331772405559, 14)","(1.005471019526746, 221)"
70,20141130,756883,"(1.0, 2)","(0.8411149811497193, 7)","(0.8181526563270626, 28)","(0.8101460570653399, 33)","(0.6973215141828009, 190)",0,"(0.7670410333733112, 1)",0,"(0.9710310252466193, 3)","(1.0409894426674176, 28)"
71,20141130,696289,"(1.0, 1)","(0.5836321272791252, 2)","(0.8501806628928149, 40)","(0.9688803023794966, 36)","(0.9341517445509085, 259)","(1.780047851647988, 1)","(1.0252953572983516, 1)","(0.8752211918820367, 8)","(1.032730904679533, 9)","(1.151420805337698, 80)"
72,20141130,792415,"(1.0, 1)",0,"(0.9982524384663772, 51)","(0.8203136507014808, 76)","(0.8065427840242408, 130)",0,"(0.7869986831369185, 1)",0,"(0.7827882159034907, 7)","(0.9040777963279, 19)"
73,20141130,601143,"(0.6487623030386287, 5)","(0.8610975826052606, 5)","(0.7441650943478293, 141)","(0.7287457533132982, 16)","(0.8832068882256975, 26)",0,"(0.5385964224650471, 1)","(0.5715162305116754, 4)","(0.6701564325110857, 1)","(1.2760076577085828, 1)"
74,20141130,842296,"(0.8463494080588773, 4)","(0.6961302252002961, 7)","(0.7626289333524382, 22)","(0.8606435435558271, 26)","(0.920546701420567, 122)",0,0,0,"(0.769115510708271, 1)","(0.9995884430270845, 20)"
75,20141130,621266,0,0,"(0.4019695423901899, 3)",0,"(0.5626284675961666, 1)",0,0,0,0,0
76,20141215,696290,"(0.7049557733409834, 6)","(0.759172250069051, 15)","(0.6359005566906729, 148)","(0.7141033297350924, 76)","(0.7329159339398796, 62)","(-1.5217861859629818, 4)","(0.29143417800649807, 3)","(0.34331532860747854, 10)","(0.9615142881709341, 10)","(0.943366812155359, 16)"
77,20141215,842301,"(0.8355110345056213, 4)","(0.8347409737529751, 12)","(0.7727220869768894, 281)","(0.7879684888262621, 36)","(0.7510205658072694, 28)","(-1.225894563659561, 1)","(1.0504115426731306, 5)","(0.7632681621070887, 35)","(1.0676103782460222, 2)","(1.0626987559188747, 2)"
78,20141215,601140,"(0.4631751095646606, 1)","(0.6614482850254807, 5)","(0.9092927271800338, 33)","(0.8949279859244639, 35)","(0.9207422649674178, 305)",0,"(1.7503685125981203, 3)","(0.9484608663970894, 6)","(1.0889060555234658, 14)","(1.0727716404524315, 156)"
79,20141215,842298,0,"(0.7245809331822332, 3)","(0.9607194391984258, 55)","(0.9846726691501091, 40)","(0.8628255669826674, 236)",0,"(0.856021206218828, 2)","(1.06879905598989, 4)","(0.9980758652298708, 7)","(1.0443949061392501, 55)"
80,20141215,842297,"(0.6620033341668217, 1)","(0.6515063061166656, 3)","(0.9218405167400424, 16)","(1.0244187064463828, 25)","(0.917804360382961, 220)",0,0,"(1.0434870161815901, 2)","(0.9191881730844914, 7)","(1.0915448091637967, 111)"
81,20141215,601143,"(0.5791078782876666, 5)","(0.42688979544612266, 9)","(0.673845921684363, 165)","(0.5710822724792842, 26)","(0.648905750946655, 14)",0,0,"(0.7846473933667601, 1)","(0.9653929459756803, 2)",0
82,20141215,842296,0,"(0.9670996802886349, 2)","(0.9082147507003858, 12)","(0.9716960456040582, 22)","(0.7993791239366637, 83)",0,0,"(1.237092224763629, 1)",0,"(0.8885605473348502, 9)"
83,20141215,696289,"(0.6658688153594241, 1)","(0.9659535249660081, 4)","(0.966713436346354, 36)","(0.8213164741949973, 31)","(0.9468843361789302, 237)","(3.0320652581538656, 2)","(0.7552553754937037, 1)","(1.0797026923466968, 9)","(0.9679448138442827, 17)","(1.0263307211650567, 88)"
84,20141215,756883,"(1.0, 4)","(0.7573734344613028, 3)","(0.9944120645794169, 48)","(0.8692507529468159, 45)","(0.7570399331833428, 179)",0,0,"(0.9752289628852101, 3)","(1.00700363145169, 5)","(0.9598424526274306, 37)"
85,20141229,842298,"(1.0, 1)","(0.7997890562347496, 7)","(0.7805571921438468, 62)","(0.8433064840233125, 44)","(0.7970095332671052, 187)","(1.2372257363063033, 1)","(2.0041640445363806, 1)","(0.8616563378078472, 10)","(0.9425309201472076, 14)","(0.859626514552496, 68)"
86,20141229,842301,"(1.0, 2)","(0.7062973854331795, 10)","(0.8521005187439258, 320)","(0.840811434978753, 47)","(0.6872431854542909, 10)","(-1.9284536544777047, 5)","(0.4848273793757782, 6)","(0.8395192621587902, 38)","(1.0295205427287022, 7)",0
87,20141229,696290,"(0.7083173719096917, 7)","(0.7564138646281918, 25)","(0.7335311644904869, 182)","(0.785327985436477, 105)","(0.9401810437401352, 59)","(6.164559945948486, 2)",0,"(1.3755309306636472, 3)","(0.7945383663634654, 12)","(0.9155595048542015, 11)"
88,20141229,842297,"(1.0, 3)","(0.6468015473780039, 3)","(0.5633867916646416, 20)","(0.8231266609836471, 31)","(0.9647741462285393, 272)",0,0,"(0.7203360203465468, 10)","(0.9624643418294392, 16)","(1.1080738105444234, 117)"
89,20141229,601140,0,"(1.0, 1)","(0.9331352510121073, 31)","(0.8894054455704967, 57)","(0.9794215501738271, 306)","(0.3728732768320594, 1)",0,"(0.9991151492340425, 6)","(0.9202403950985354, 22)","(1.06880607706391, 148)"
90,20141229,756883,"(0.8754684465993, 3)","(0.7367826758069548, 5)","(0.8195588091551761, 48)","(0.8890182694901873, 49)","(0.8062714217182746, 146)",0,"(0.440105281188901, 1)","(0.919435921973823, 4)","(0.9189722365212228, 7)","(0.7978127704790693, 19)"
91,20141229,696289,"(1.0, 1)","(0.9153814757386415, 6)","(0.923104268960626, 24)","(0.9568164304043174, 21)","(0.8587381943901765, 144)","(1.8747606979960865, 1)","(0.42564387556526034, 1)","(0.8545614866812283, 5)","(1.0061590259482955, 7)","(0.9039427148975744, 40)"
92,20141229,601143,0,"(0.8022527704697522, 3)","(0.7433017780146175, 102)","(0.8151903494420362, 16)","(0.8745538850772986, 6)","(2.1245715230035604, 1)","(2.295721760862941, 1)","(0.8380861578940982, 4)","(1.0457282662169491, 2)",0
93,20141229,552406,0,0,"(0.4393844670626635, 1)",0,0,0,0,0,0,0
94,20141229,842296,0,"(0.6004438068560092, 2)","(0.8618964384167537, 11)","(0.9812332099178241, 12)","(1.1599030436596922, 9)",0,0,"(0.6205268080060165, 1)","(0.8693586767233977, 1)","(0.9630587575724361, 2)"
95,20141231,842301,"(0.878045935174554, 8)","(0.930194780725867, 20)","(0.8476406452099193, 350)","(0.7201950268397169, 35)","(0.9664408730581284, 6)","(0.6132022155636245, 3)","(0.6338513222550922, 3)","(0.8013281211512812, 47)","(0.8422413821824616, 10)",0
96,20141231,696290,"(0.8251896023549814, 4)","(0.8551042385898352, 15)","(0.6175144751775721, 98)","(0.7036337501113605, 76)","(0.8138740383564699, 50)","(3.6699883328442073, 1)","(1.1328183182910718, 2)","(0.7781452012472778, 12)","(0.5423648251135702, 17)","(0.7094918385107163, 3)"
97,20141231,842297,0,0,"(0.8950911864878313, 20)","(0.9074315077862337, 33)","(0.8695600611808074, 275)",0,"(1.6470626067344813, 1)","(0.86670854731749, 5)","(1.095466186533732, 9)","(0.9432881250325188, 152)"
98,20141231,601140,"(0.7342027903810586, 3)","(0.5913357858787577, 1)","(1.0262077601743465, 22)","(0.9946140222500649, 23)","(0.9593591172941532, 430)",0,"(1.0747731571674124, 1)","(1.1413018483762538, 3)","(1.0041925600946664, 11)","(0.9774286698398853, 95)"
99,20141231,842298,"(1.0, 2)","(0.8582743058246899, 9)","(0.8541853419338751, 64)","(0.8397665572220984, 38)","(0.6928094799279242, 241)","(0.7429610437371885, 2)","(1.1084821150363962, 1)","(0.8370492110260339, 13)","(0.8712080503106575, 14)","(0.8323059471525586, 74)"
100,20141231,756883,"(0.8308367735766794, 4)","(1.0, 2)","(0.7346213184759389, 41)","(0.8097837348630266, 56)","(0.8828629617613022, 161)","(-1.6873032033968385, 4)","(1.089847690893671, 2)",0,0,"(0.8519639020188196, 25)"
101,20141231,601143,"(0.7919941050732355, 4)","(0.8083405348594912, 10)","(0.7295827239885422, 109)","(0.8397383479857297, 44)","(0.7440783763652061, 22)","(1.1103318321184712, 1)",0,0,"(0.5739913846393737, 1)","(0.4790422208630976, 2)"
102,20141231,696289,0,0,"(0.9244017348981736, 11)","(1.0863555589680474, 23)","(0.8801352436378826, 184)",0,0,"(0.9780393928301391, 4)","(1.0747430399116462, 11)","(0.9449923166586481, 89)"
103,20141231,842296,0,0,"(0.8419129829167494, 4)","(0.910190573248343, 11)","(0.8374729518017111, 61)",0,0,"(0.9035497893759956, 3)","(1.0047565270283043, 2)","(0.8671653722692777, 14)"
104,20150103,696290,"(0.8974549292523846, 9)","(0.839862613761427, 19)","(0.8287235063883541, 140)","(0.8257917087813234, 103)","(0.8553793085703443, 64)","(2.352492754552939, 1)","(2.7619729149021626, 1)","(1.0388099506732207, 11)","(0.9757751615268013, 6)","(1.0200682681283533, 9)"
105,20150103,601140,0,"(0.7394791719201909, 3)","(0.6566613010986216, 19)","(0.8465321386405487, 32)","(0.9104284153159248, 379)",0,0,"(0.9286399724783985, 4)","(1.119888772117869, 9)","(0.9578718066519948, 148)"
106,20150103,842297,0,0,"(1.0193442031667024, 8)","(1.0161598183238598, 18)","(1.0064166058915036, 244)",0,0,"(0.6331669263292922, 7)","(0.9628864631251915, 6)","(1.0247418890123485, 190)"
107,20150103,842298,"(0.5041747536291351, 1)","(0.8855936365571573, 13)","(1.054633974727314, 35)","(0.899937618013574, 57)","(0.8344014404403677, 258)","(0.8025374546062882, 2)","(0.8750006833240501, 2)","(0.8724166532032229, 9)","(0.8870060516432976, 16)","(0.8565157111642181, 61)"
108,20150103,842301,"(0.8305221380997873, 6)","(0.8517177803649575, 18)","(0.8014437868303561, 393)","(0.7796423956979857, 21)","(0.8223513770037469, 14)","(0.30064455274321, 1)","(0.7655156427915417, 4)","(0.8162050171939527, 30)","(0.9753002693424339, 3)",0
109,20150103,696289,"(1.0, 1)","(0.005408296306580115, 1)","(1.1244454292591453, 7)","(0.9432036660088124, 20)","(0.980432881487834, 268)","(0.09969450284962855, 1)",0,"(0.9351198601608367, 5)","(0.9279331609594518, 11)","(0.9866960520276081, 97)"
110,20150103,601143,"(1.0, 1)","(0.5547515307879741, 11)","(0.6976108536751225, 206)","(0.9947577743788621, 18)","(1.106709257247406, 16)",0,0,"(0.6568876513885421, 3)",0,0
111,20150103,756883,"(0.9251201167079164, 6)","(0.7115151010138685, 17)","(0.8510619699692729, 84)","(0.9306665344718591, 71)","(0.8723635126116173, 220)","(1.2854953118732015, 1)","(0.5872046207018969, 1)",0,"(0.8852538937037617, 12)","(0.8954844141991746, 57)"
112,20150103,842296,0,0,"(0.28304158556332126, 5)","(1.1251727623471952, 9)","(1.0204401467279973, 85)",0,"(1.2996210406472426, 1)",0,0,"(1.099305966955379, 10)"
113,20150103,842313,0,0,"(0.8857729900320374, 5)","(0.790721864301122, 7)","(0.9154627065732365, 20)",0,0,0,0,"(0.835928205522436, 2)"
114,20150103,786843,0,"(0.8822710031810963, 2)","(0.7215503328414059, 4)","(0.6701397121154831, 5)","(0.8318258078995076, 16)",0,0,0,"(0.9472466355623211, 4)","(0.9432002002535439, 3)"
115,20150113,842301,"(0.7385874851762122, 7)","(0.8212120146552955, 29)","(0.8666988544466834, 452)","(0.7860095201090234, 34)","(0.7078495098066531, 22)","(0.13922218811360118, 1)","(0.8316589994409843, 4)","(0.8468499207353513, 44)","(0.6321273361471272, 3)","(0.933494102977495, 2)"
116,20150113,842297,"(0.3134843428467463, 2)","(0.8140861918555214, 2)","(0.735740864393825, 25)","(0.7649221822462299, 42)","(0.7666707040341734, 257)",0,"(3.1376754036642316, 1)","(1.0216239415435813, 10)","(0.9189710269846253, 14)","(1.0556162837826162, 96)"
117,20150113,842298,"(0.7400728589209324, 2)","(0.7948521468681471, 4)","(0.9977850317070995, 56)","(0.9855873608878831, 73)","(0.8870803833500438, 254)","(1.5070090418413893, 4)","(1.5958299223478105, 1)","(0.9704672933503188, 10)","(1.0526471872335752, 25)","(0.981883100303425, 70)"
118,20150113,696290,"(1.0, 6)","(0.7710091422864358, 24)","(0.6465714770161306, 217)","(0.7038524685964662, 141)","(0.7940552549441398, 97)","(0.17929061742187963, 2)","(0.8168407220492042, 8)","(0.7950445151942676, 23)","(0.6863054189796606, 24)","(0.6509668123661975, 8)"
119,20150113,601140,"(1.0, 1)","(0.8818612613108283, 3)","(0.7342733086005909, 20)","(0.9113892875643559, 36)","(0.8064039966504654, 431)","(1.1284343257771665, 2)",0,"(0.8330196485944733, 6)","(0.9892035803903974, 21)","(1.0430474961315568, 138)"
120,20150113,696289,"(1.0, 2)","(1.0, 2)","(0.7116410323142207, 27)","(0.7952044235272464, 46)","(0.8160808090483453, 231)",0,"(1.8657927868015909, 4)","(0.802889733878962, 9)","(0.9367064262652668, 23)","(0.9306557503049673, 106)"
121,20150113,756883,0,0,"(1.0137235303865693, 4)","(0.7729279455692227, 9)","(0.8092519136258977, 59)",0,0,0,0,"(0.9459502208632946, 10)"
122,20150113,601143,"(0.5354553532600358, 1)","(0.7473259741461374, 6)","(0.8328859202281254, 75)","(0.8980565853305325, 9)","(1.0384980309524776, 4)",0,0,0,"(0.7611716812109366, 6)",0
123,20150113,842296,0,"(0.536881180697029, 2)","(0.5220401216654508, 3)","(0.7629841856098302, 9)","(0.9573807602902683, 63)",0,0,"(1.4263136206703142, 1)","(0.9664902008153815, 7)","(1.0825611467540863, 13)"
124,20150119,842301,"(1.0, 3)","(0.6998079148115076, 9)","(0.8278359922219977, 442)","(0.8475145649773514, 28)","(1.002707987956207, 23)","(0.58737207050547, 3)","(0.8612739852234944, 2)","(0.8212737397840497, 53)","(1.1305002187896438, 4)","(0.8745402093262602, 2)"
125,20150119,601140,"(1.0, 3)","(1.002977248396059, 4)","(1.0642454018470697, 39)","(1.09530710944998, 56)","(1.0138549089534425, 422)",0,"(0.5537886601259628, 2)","(0.8933257439223989, 7)","(0.9187859256225085, 6)","(1.1138078690853055, 152)"
126,20150119,842297,"(0.3749206698809624, 1)","(1.175704101123717, 2)","(0.969787018018983, 38)","(0.9557314067299566, 29)","(0.966547536455688, 386)","(0.22887341774226352, 1)","(0.8693289793295028, 2)","(1.1457379063306194, 4)","(1.156380452625148, 14)","(1.0695712162791933, 230)"
127,20150119,842298,"(0.6951983702850582, 1)","(0.8147291912299434, 5)","(0.7875849216631398, 40)","(0.7473391042203353, 46)","(1.0397210938243848, 254)",0,"(0.17537571847342623, 2)","(0.8911139286916918, 8)","(0.9872761753263243, 8)","(0.9476692278828606, 55)"
128,20150119,696290,"(0.8322611258063279, 5)","(0.7436062867855961, 27)","(0.8472628342757377, 273)","(0.8034166757401996, 118)","(0.8914156627520798, 140)","(-0.5392445581668482, 1)","(0.6358382230945222, 3)","(0.5550570740464119, 15)","(0.6537469967354947, 11)","(0.8073069569513371, 11)"
129,20150119,696289,0,"(0.6229929651920003, 2)","(0.8471303390835874, 30)","(0.9256844791414895, 43)","(1.0904698896269713, 299)",0,0,"(0.926618764614891, 9)","(1.0126890180023826, 7)","(1.109184787764041, 98)"
130,20150119,601143,"(0.7943398726858607, 4)","(0.8436390601371777, 8)","(0.7654700045274917, 92)","(0.9683213845547707, 29)","(0.8620963540697169, 7)",0,0,"(0.8259022461269914, 9)",0,0
131,20150119,756883,0,"(1.0, 2)","(0.8165522209079669, 10)","(0.961214017463731, 13)","(0.8920381426793407, 102)",0,"(0.4849812117061398, 1)",0,"(0.9701733854908414, 1)","(0.9780260267760221, 31)"
132,20150119,842296,0,0,0,"(0.7350471309643751, 2)","(0.5648608922441168, 3)",0,0,0,0,0
133,20150119,679480,0,0,0,"(1.0, 1)",0,0,0,0,0,0
134,20150204,842298,"(0.7221817042683449, 4)","(0.6346783713464714, 8)","(0.8174318546523607, 67)","(0.9763307253975898, 97)","(0.9317953786167698, 347)",0,"(0.6459355256485177, 4)","(0.9928529884177131, 6)","(1.027224377236992, 11)","(1.0490120419298934, 56)"
135,20150204,842301,"(0.8808123144262437, 4)","(0.8126651032868584, 11)","(0.7854867192477905, 418)","(0.7636816303028225, 71)","(1.22474035970037, 40)","(-0.8266024893990392, 5)","(0.5123368604028268, 6)","(0.845702487566019, 44)","(0.987930835204896, 3)","(0.7977957295012202, 3)"
136,20150204,842297,"(1.0, 1)",0,"(0.7941360404921767, 31)","(0.7670862069097346, 42)","(0.8778759932986662, 337)",0,"(0.7009049161022354, 2)","(0.938507727201556, 9)","(0.9163052730329498, 24)","(1.034407390655722, 211)"
137,20150204,601140,"(1.0, 1)","(0.7040345900020272, 5)","(0.8509384580860537, 33)","(0.9033563767733073, 42)","(0.93754584794841, 380)","(1.8266718286688095, 3)","(1.4793956781898105, 1)","(1.0837692285159857, 3)","(1.5371845221251574, 17)","(1.095045378137424, 147)"
138,20150204,696290,"(0.6755540141733493, 7)","(0.6083768098382424, 17)","(0.7841164196836887, 140)","(0.8406721941616485, 131)","(0.892825119693504, 92)",0,"(0.5723200870865682, 4)","(0.9135510117020484, 8)","(0.7432932111739406, 39)","(0.7574438829690426, 18)"
139,20150204,601143,0,"(0.8343959883429442, 9)","(0.7779315060076326, 63)","(0.8604015226229447, 17)","(0.9900167311072329, 2)",0,"(1.0144718101596333, 1)","(1.2386627845524183, 1)",0,0
140,20150204,842296,0,"(1.3824988729371115, 1)","(0.3325292436129865, 2)","(1.222848374334494, 1)","(0.8325011758201489, 41)",0,0,0,"(0.9147443105458086, 1)","(0.9852737906881788, 4)"
141,20150204,756883,"(1.0, 1)","(0.9029625383723021, 4)","(0.8467501306530664, 38)","(0.831463206201164, 42)","(0.84782723263335, 216)","(1.2377516520193295, 1)","(1.3916051765331918, 1)","(0.8711113938287139, 5)","(0.9797891584611341, 7)","(0.873970891547397, 45)"
142,20150207,842301,"(1.0, 6)","(0.8406060257725739, 10)","(0.8012405015129354, 321)","(0.8112182919045781, 59)","(0.8309529497216627, 19)","(1.1327123648296196, 2)","(0.5438064030739092, 7)","(0.8222609868712878, 37)",0,"(1.099537319476356, 1)"
143,20150207,696290,"(0.7654501855951636, 13)","(0.8765617475361156, 17)","(0.8382302630348047, 180)","(0.7999481991834558, 112)","(0.9284086981444805, 43)","(-1.272721622774241, 1)","(0.7891287801477423, 3)","(0.6307960855225729, 10)","(0.7134885220196308, 11)",0
144,20150207,601140,"(0.8517048957273543, 4)","(0.9180581045829258, 6)","(0.7550642036900124, 29)","(0.9554800748090444, 47)","(0.9704726761961058, 341)",0,"(0.9044807130182599, 2)","(0.8445716444234532, 14)","(0.9960183605820511, 11)","(1.085653662595574, 167)"
145,20150207,842298,"(1.0, 1)","(0.861141205193597, 6)","(0.8020889294418144, 124)","(0.8154790408798617, 94)","(0.9237859261484556, 247)","(1.2328038215444588, 2)","(1.1669604054552198, 6)","(0.7920985394641699, 16)","(0.8862964206175775, 19)","(0.9116167945489068, 77)"
146,20150207,842297,"(0.48389053855748776, 2)","(0.4585941119679507, 3)","(0.8000692364953682, 31)","(0.7860451310660221, 40)","(0.861789540964225, 302)","(1.3210796379712086, 2)","(0.9468090119822073, 2)","(1.3156699626507409, 7)","(0.9761756242102106, 9)","(0.9896274415116848, 187)"
147,20150207,756883,"(0.6754244713315275, 4)","(0.74979285442065, 2)","(0.7357623840465176, 34)","(0.9692691473528078, 41)","(0.9003446547223534, 307)",0,0,"(0.8996475869505843, 3)","(1.0649230312891804, 2)","(0.9532124264806555, 76)"
148,20150207,601143,"(1.0, 2)","(0.5958427448267453, 13)","(0.7376168096652619, 105)","(0.8139836501021501, 15)","(0.7341377159533574, 13)","(2.48398127116157, 1)","(-0.5318522858043573, 1)","(0.777315513472027, 1)",0,"(1.3161075805317084, 1)"
149,20150207,842296,0,"(1.0, 1)","(0.8869203206432752, 9)","(1.1392553672623416, 34)","(0.9542997745875962, 183)",0,0,"(0.8942422371297345, 2)","(0.9571561513152065, 3)","(1.0162253306067037, 24)"
150,20150207,842313,0,0,"(0.7981765546107842, 1)","(0.8301853816838415, 5)","(0.8545986294194217, 14)",0,0,0,0,0
151,20150207,786843,0,"(0.4426692993060095, 1)","(0.5743528399904303, 3)","(0.7149866845885955, 2)","(0.9200732211252723, 15)",0,0,0,0,0
152,20150218,842301,"(1.0, 5)","(0.8231847288041543, 13)","(0.7309873271264917, 486)","(0.7374723484119914, 66)","(0.9017268315156833, 57)","(-0.052470921706732176, 2)","(0.6249968589337889, 4)","(0.8339142522837818, 45)","(0.8368604833113027, 10)","(0.7868489093398016, 12)"
153,20150218,842298,"(0.8406812945920201, 6)","(0.5769121807979027, 7)","(0.8214102791361747, 70)","(0.91470689562153, 53)","(0.9325764409969353, 320)","(1.9091555859168383, 1)","(0.5725464003560415, 10)","(0.7656381020521279, 9)","(0.9669500919241258, 10)","(0.9213034277438257, 66)"
154,20150218,842297,0,"(0.3920114574505884, 2)","(0.6699846877768858, 32)","(0.6978394128227086, 41)","(0.9598674058096871, 396)","(0.32418503257372444, 3)","(0.8502808591426032, 2)","(0.7247943040319477, 15)","(1.1112539637711454, 13)","(1.1130503894825698, 244)"
155,20150218,696290,"(0.7823695923525898, 16)","(0.7839888967858172, 30)","(0.7367472232648193, 239)","(0.8027289745266544, 127)","(0.8661384644250606, 96)","(1.4044252689790637, 2)","(0.3351588972052878, 4)","(0.6801200273099975, 8)","(0.9101672832753774, 15)","(1.0262601016523065, 23)"
156,20150218,601140,"(0.5440666829956875, 1)","(0.7804690640848783, 3)","(0.8008843514684457, 40)","(1.0901311237953861, 55)","(1.106866401202096, 446)","(0.8454270892756657, 2)","(0.8288655151777269, 2)","(0.8408484226505358, 17)","(1.0330276295239225, 23)","(1.0708896841386362, 183)"
157,20150218,601143,"(0.7614081855425956, 2)","(0.6573731850720131, 7)","(0.7829135273702076, 64)","(0.7933562773865893, 34)","(0.9407229359073896, 25)",0,0,0,0,"(1.072475026655147, 3)"
158,20150218,756883,"(0.26172959995381206, 1)","(0.7953866034690229, 6)","(0.8077737166219926, 47)","(0.8330782949393505, 35)","(0.8539133411254993, 264)",0,0,"(0.7511759489227686, 3)","(1.1015024009878935, 3)","(0.985872563086987, 25)"
159,20150218,842296,"(0.29909393366661874, 2)","(1.0, 1)","(0.9201167385556667, 8)",0,"(0.8280786313840034, 27)",0,"(0.8733856982253034, 2)","(1.0353532581004692, 1)","(0.8541561432509408, 2)","(1.0919152114418658, 6)"
160,20150221,696290,"(0.9159747627209157, 10)","(0.9118342910919731, 15)","(0.8764720422326312, 123)","(0.818936180360665, 84)","(0.8329833677349697, 48)","(-2.5346014650501907, 1)","(0.8102993259347326, 1)","(0.8472619313555811, 8)","(0.8652029537477068, 4)",0
161,20150221,842298,"(1.0, 1)",0,"(0.8835387796035288, 62)","(0.9586571847738151, 126)","(0.8961325751474679, 351)","(-0.4463540483712663, 8)","(1.7085523399977216, 6)","(0.6420928536426613, 4)","(0.917984118422036, 15)","(0.979202375039721, 95)"
162,20150221,601140,"(0.6574214994239121, 1)","(0.90229442943792, 4)","(0.8724387531602464, 26)","(1.0403366051800558, 74)","(0.9403228435890953, 412)",0,"(1.7060476704608392, 4)","(1.0633614552456756, 12)","(0.9251988753476779, 17)","(1.0624122454500162, 150)"
163,20150221,756883,"(1.0, 2)","(0.9366076463642786, 5)","(0.8341090716327328, 53)","(0.8193902253470764, 55)","(0.8098547568948574, 295)",0,0,"(0.9599024943458011, 3)","(1.0715121724731873, 5)","(0.9475021324315245, 48)"
164,20150221,842297,"(0.8860623780525251, 3)","(1.218186065870696, 5)","(0.8047637871530796, 50)","(0.8363607214074348, 45)","(0.9057053200916293, 327)","(-1.338790006607219, 1)","(0.7888807525971503, 3)","(0.8824339485706193, 11)","(1.0363439576375033, 27)","(1.0138109535289042, 249)"
165,20150221,601143,"(0.6421985932767463, 4)","(0.7902283408298401, 34)","(0.7490745059279922, 273)","(0.8039397254121466, 66)","(0.6926506329735205, 59)","(2.231043087178914, 1)",0,"(0.716604141021744, 1)","(0.7674117293630432, 6)","(0.9685783546806599, 3)"
166,20150221,842296,0,"(0.8097742534304894, 1)","(0.7579328695841641, 16)","(0.9038002852856887, 30)","(0.8922127966741912, 243)","(2.8973451378724753, 4)","(1.2154386674934632, 2)","(0.6424853434741339, 3)","(1.000084185060141, 6)","(1.113590763964637, 47)"
167,20150221,786843,0,"(0.8532370141787753, 1)","(0.6930814391838311, 7)","(1.1157348473566555, 3)","(1.1142384457340924, 31)",0,0,0,0,0
168,20150221,842313,0,0,0,"(0.9527729030389807, 2)","(0.8502871849266784, 15)",0,0,0,0,0
169,20150228,842301,"(0.871542924413874, 8)","(0.737388440355791, 23)","(0.7150367794137203, 623)","(0.6041653911006203, 36)","(0.7285279430336606, 25)","(0.6725874376312171, 2)","(1.1949329551607693, 5)","(0.861268823446257, 44)","(0.9516524439783981, 4)","(1.0720858000050604, 1)"
170,20150228,756883,"(0.3565528918671157, 2)","(0.48194699673959845, 5)","(0.7216588885680536, 49)","(0.9463288316119173, 63)","(0.8943073772596131, 486)","(0.3303753115079931, 3)","(2.1100339166247775, 2)","(1.0916975090654328, 10)","(0.8942597771831141, 11)","(0.9234676963300421, 100)"
171,20150228,842298,"(1.0, 4)","(0.670397708602991, 11)","(0.7382418509748301, 228)","(1.0232351796676955, 138)","(0.8832808685389918, 450)","(-1.1912674618026244, 1)","(1.1938255415145183, 4)","(0.9630099613499706, 25)","(1.2320714940703983, 16)","(0.9349748514174673, 90)"
172,20150228,842297,0,"(0.2667558013020003, 2)","(0.6273084840047732, 26)","(0.7916420946990037, 28)","(0.8404997080042523, 467)","(1.0550092583768838, 1)","(0.9730120766932219, 1)","(0.8473971018391314, 10)","(1.0385464943942857, 8)","(0.8651621493135879, 344)"
173,20150228,601140,"(0.6079172833005673, 4)","(0.5862780036198902, 8)","(0.9737157836170527, 38)","(1.1316990473032515, 52)","(0.8835537556558339, 487)",0,"(0.648963407461399, 1)","(0.9948191754192242, 11)","(1.109683063641161, 13)","(0.9013345019783697, 185)"
174,20150228,696290,"(0.7848139106325925, 3)","(0.6535178408300973, 15)","(0.6067654019872611, 163)","(0.8413435793740446, 94)","(0.812238960019776, 60)","(3.156035664790007, 2)","(1.1221570251043431, 1)","(0.7532982744269131, 5)","(0.8819474359971796, 7)","(1.1571421944758677, 9)"
175,20150228,601143,0,"(0.6368959346765419, 8)","(0.5631395563442879, 116)","(0.5169922359683526, 6)","(0.6486646444449052, 9)","(-0.23084139164038592, 2)",0,"(1.0184206632487895, 1)","(1.3301717474813552, 1)",0
176,20150228,842296,0,0,"(0.49398221111813817, 4)","(0.9486462116193789, 4)","(0.9486515145866937, 142)",0,0,0,"(1.108099519472429, 1)","(1.0050407538827164, 25)"
177,20150304,756883,"(0.714262852030996, 1)","(1.2836715563611445, 3)","(0.7822652110269125, 32)","(0.8839538088373481, 57)","(0.8156561906630551, 347)","(0.9651126959257633, 2)","(0.8874008605058229, 1)","(1.1579974884346504, 5)","(0.9160662014751875, 7)","(0.9102616729425141, 93)"
178,20150304,842301,"(0.06317818596868435, 2)","(0.8328027283969791, 14)","(0.8916147447260692, 251)","(0.8857361743605058, 37)","(0.8142007789098074, 30)","(0.6437127052261817, 2)","(1.5624566435611575, 2)","(0.8247180244418071, 23)","(0.8659474475719253, 4)","(0.6678579225611951, 2)"
179,20150304,842298,"(1.0, 2)","(0.9518026965361006, 8)","(0.8883368267327659, 63)","(1.0094819853207906, 83)","(1.0602527717456618, 208)","(2.209628856825698, 2)","(0.94238589872634, 8)","(0.7859733013194359, 8)","(0.9127018274519927, 14)","(0.9700392871888258, 39)"
180,20150304,601140,"(0.6103090665146846, 2)","(0.9798744763501294, 4)","(0.7673124085991291, 13)","(1.0175076773024991, 38)","(0.9164112610365476, 407)","(0.5600664727289122, 1)","(0.7616333235094797, 1)","(0.90983502172227, 7)","(0.8556827691056886, 13)","(1.0945200572063778, 152)"
181,20150304,842297,"(0.5276362343708777, 1)",0,"(0.8114345050835436, 15)","(0.9205840311208232, 24)","(1.0608692443691583, 316)","(0.9840715277229266, 1)","(1.1813442701868664, 2)","(1.1185011712868296, 3)","(0.920687099633154, 5)","(1.1581188027075142, 256)"
182,20150304,601143,"(0.7604897866185647, 4)","(0.6050760104615104, 12)","(0.7785416887025038, 269)","(0.7542053510141815, 37)","(0.9197546002327358, 27)",0,"(0.6859378085533615, 1)","(0.8129072615880634, 3)","(0.9167586976019115, 2)",0
183,20150304,842296,"(1.0, 1)","(1.0, 1)","(0.8364716793776933, 16)","(1.0555714538691874, 37)","(1.003488009189551, 328)","(0.06459742460808077, 1)",0,"(0.8826038312669038, 3)","(1.0121449842800245, 8)","(1.0601890376487706, 68)"
184,20150304,696290,"(0.7326843515844018, 7)","(0.7647712033546223, 13)","(0.7546705594113535, 220)","(0.8622703403345459, 100)","(0.8134073301569547, 57)","(-0.5320900010401017, 2)","(0.6698357724249511, 1)","(0.7754463047476089, 9)","(0.7277971917546485, 11)","(0.8408350464923401, 8)"
185,20150304,842313,0,0,"(1.7341320090517214, 1)","(1.1286015948064085, 6)","(1.1199769713936616, 17)",0,0,0,0,0
186,20150312,842301,"(0.8604539141390878, 3)","(0.9606188939032659, 3)","(0.6698388336114213, 192)","(0.890163691949995, 38)","(0.8497442003706043, 18)","(0.5103122092116121, 2)","(1.193028852310392, 1)","(0.7492239539393356, 41)","(0.8912780841407144, 2)","(0.5553707665881562, 4)"
187,20150312,601140,"(0.8532604123592908, 2)","(0.8493619466859123, 5)","(0.8595341826697289, 16)","(1.0381049846406787, 33)","(1.0071634565781546, 255)",0,"(1.5129155191049544, 2)","(0.8586343699667434, 8)","(1.0201727016104907, 10)","(1.094468327247471, 106)"
188,20150312,756883,"(0.701040709989071, 2)","(0.6965578789869036, 2)","(0.891185299256768, 44)","(0.8371592143284776, 69)","(0.8844558268778543, 378)","(2.6898161475276354, 1)","(1.5619122846315383, 1)","(1.378132389417983, 4)","(0.9764018801792096, 6)","(1.004145369797658, 81)"
189,20150312,842298,"(0.7689052971291455, 2)","(0.7925280924476334, 8)","(0.7182287813732195, 33)","(0.9531926210538838, 100)","(0.9076093554809391, 203)","(1.9476384521932504, 2)","(0.8630172763425262, 2)","(0.8759142442999625, 6)","(0.9590466903362523, 12)","(0.9079605722196576, 73)"
190,20150312,842297,"(1.0, 1)","(0.786218280339028, 7)","(0.6445227444508563, 36)","(0.8406118534628846, 45)","(1.0694458732999934, 316)",0,"(2.1981775271486312, 1)","(0.8624613888639996, 10)","(0.968734507478784, 11)","(1.1390742302441577, 242)"
191,20150312,696290,"(0.8816647443634733, 3)","(0.921534130136107, 15)","(0.8520976562257112, 151)","(0.9217727867770428, 96)","(1.0872953571264643, 77)",0,"(0.2349596612178407, 1)","(0.4718746736545221, 2)","(1.110515532011027, 2)","(1.1957660649348372, 12)"
192,20150312,842296,"(1.0, 1)","(1.0097414771976656, 3)","(0.700929104258377, 27)","(0.8519467348530142, 33)","(0.9605546471243205, 283)","(4.168587788602426, 3)","(1.9038795415034626, 3)","(0.9441984341430087, 6)","(1.0391792663403185, 11)","(1.087339448034066, 57)"
193,20150312,601143,"(0.7930701350427325, 8)","(0.6155904098818707, 20)","(0.5232346788377701, 274)","(0.8609805511519586, 76)","(0.9244115889397274, 54)","(-0.20773157721004623, 10)","(1.0151368918580979, 2)","(0.4932970339238743, 5)","(0.7618177253931854, 6)","(1.0505229876616515, 8)"
194,20150312,786843,0,0,0,"(1.0112011923279618, 18)","(1.071459440020986, 46)",0,0,0,0,"(0.8661208826045721, 2)"
195,20150312,842313,0,"(1.0, 1)","(1.210798789272638, 1)","(1.1260999362643909, 10)","(0.9897706025321416, 39)",0,0,0,0,0
196,20150313,842298,"(0.8480473057440705, 2)","(0.5445039761174525, 7)","(0.8240819955535063, 46)","(0.9387345763386551, 79)","(0.9733326140878298, 172)","(1.4815725097473547, 2)","(1.4837160201870794, 2)","(0.9670336837023387, 12)","(0.8566527913060547, 13)","(0.986438710831443, 61)"
197,20150313,842301,"(0.7767981310383206, 4)","(0.8104645546525393, 11)","(0.8336878923095579, 297)","(0.8558022082452077, 31)","(0.8971138932053678, 38)","(-1.221883879531643, 7)","(0.7779748828647116, 10)","(0.8237053300078018, 38)","(0.8598762832778747, 8)","(1.0301408714347504, 8)"
198,20150313,842297,"(1.0, 2)","(0.8726884172284145, 4)","(0.691978152487823, 33)","(0.7627721715504723, 26)","(0.882073795022746, 294)",0,"(0.25270521517143024, 2)","(0.9102980533824638, 14)","(0.9040792950569886, 15)","(1.0834101891031782, 170)"
199,20150313,601140,"(0.8945576557987487, 4)","(0.7849268935674161, 5)","(0.8382917676036475, 27)","(0.9641307442050961, 60)","(0.8610555445811211, 349)",0,0,"(1.0562490311125572, 7)","(1.0792739171290127, 15)","(0.9694339912986277, 94)"
200,20150313,756883,"(0.8672489536271195, 3)","(0.5813693496198363, 5)","(0.749443860099726, 22)","(0.8647229177108694, 30)","(0.810859679012083, 257)","(-0.14312294001868026, 1)",0,"(0.5520685717589332, 1)","(0.9687204528326753, 2)","(1.0606061405680296, 27)"
201,20150313,696290,"(0.9387572858249303, 6)","(0.8523633639273086, 6)","(0.8562863224838924, 72)","(0.8780830028969173, 76)","(0.890415873403037, 49)",0,0,0,"(0.8514151560079295, 7)","(0.9089869138930577, 5)"
202,20150313,842296,0,"(1.0, 1)","(0.6858402143336771, 14)","(1.009494029770989, 15)","(0.806374807237511, 106)","(0.12639756867004354, 1)",0,"(0.9816247240633938, 6)","(0.9932828803463675, 8)","(0.908945037348732, 22)"
203,20150313,601143,"(0.9227654467885248, 6)","(0.7883550824856701, 10)","(0.5863451824889137, 69)","(0.8622916962745834, 24)","(0.7572367831863089, 15)",0,"(0.760433892021627, 1)","(0.7539492240324361, 3)",0,0
204,20150313,552319,0,0,"(0.5026949499249764, 1)",0,0,0,0,0,0,0
205,20150320,842301,"(0.7386353743415817, 9)","(0.6663470044447347, 23)","(0.5813789818781285, 302)","(0.5662735341967762, 13)","(1.2816001553801761, 5)","(1.127436214074048, 8)","(2.0939073942456865, 6)","(1.0080516075305044, 17)",0,0
206,20150320,601140,"(1.0, 1)","(0.6081513619505527, 7)","(0.9417996706980112, 22)","(0.7654190264846519, 26)","(0.8294563164912996, 396)",0,0,"(1.4213820266464703, 3)","(0.970848883348399, 6)","(0.9280456418516589, 141)"
207,20150320,756883,"(0.7467641262478076, 1)","(0.3621814490793914, 2)","(0.7953988264444773, 16)","(1.007909016340542, 26)","(0.9336355995970586, 326)","(6.499671231954082, 2)",0,"(0.9147200880720736, 2)","(0.9654986359665934, 7)","(0.9591769289271848, 92)"
208,20150320,842297,0,"(0.4097071283429148, 1)","(0.9240612608178606, 14)","(0.9960040321666827, 13)","(0.8376933632900895, 287)",0,0,"(1.216894023524583, 2)","(1.0920488011972262, 2)","(0.881925670964852, 221)"
209,20150320,842298,"(0.7151396800724295, 7)","(0.5723114634301225, 9)","(0.7928342674254508, 80)","(0.9533744633361741, 55)","(0.8339811929189049, 207)","(-0.25189053966847824, 2)","(0.6391924604897947, 1)","(1.2024736401123552, 17)","(1.0339653517944307, 5)","(1.003336554937771, 60)"
210,20150320,601143,"(0.6336027945797755, 2)","(0.9095187646907767, 9)","(0.6095490677752287, 271)","(0.6767098402810487, 41)","(0.9204752255833867, 20)","(0.7669846450900867, 5)","(0.7922303327660425, 4)","(0.8337520423643616, 2)",0,"(1.2489026779220385, 3)"
211,20150320,842296,"(1.0, 1)","(0.013865308507655954, 1)","(0.9296765589763755, 6)","(1.0833678717726944, 8)","(0.8874474721834917, 141)",0,0,"(1.091810528227713, 2)","(1.5729147008406457, 1)","(1.1401027994427881, 53)"
212,20150320,696290,"(0.7625594420167838, 4)","(0.7940132692631736, 10)","(0.768593276147235, 322)","(0.8578999838700552, 85)","(0.8278386247783586, 93)","(0.48759024222338654, 1)","(1.3329077048450575, 2)","(0.9646096513801713, 26)","(0.9619930673465693, 9)","(1.0990530524876159, 7)"
213,20150320,625364,0,0,"(0.3685635416495647, 1)",0,"(0.3685635416495647, 1)",0,0,0,0,0
214,20150320,786843,0,"(0.397920993899458, 1)","(0.9155480789858347, 6)","(0.965659533389816, 10)","(0.8817723236159165, 30)",0,0,0,0,0
215,20150320,842313,0,0,0,0,"(0.939962971200459, 17)",0,0,0,0,0
216,20150322,601140,"(1.0, 2)","(0.733789992895116, 4)","(0.8939260428047623, 40)","(0.9572032972004516, 51)","(0.9280315333257877, 414)",0,"(0.5425948844123627, 3)","(0.8782531578966122, 9)","(0.867472924409088, 14)","(1.011293081895837, 151)"
217,20150322,756883,"(0.9402496315093897, 9)","(1.1646866574186507, 3)","(0.9142631026406711, 72)","(0.9901258821148637, 83)","(0.9475856314135779, 396)",0,"(0.8578483006527508, 1)","(0.9658625959070563, 3)","(0.9004456864361987, 4)","(1.0691620656608687, 46)"
218,20150322,842298,"(0.7783998282120975, 4)","(0.5945724565778374, 10)","(0.8430019688036706, 77)","(0.8661952524794062, 113)","(0.8650753450468709, 267)","(0.7529126625305075, 1)","(0.8810009883575866, 3)","(0.9216553652464805, 6)","(0.8389389271837586, 23)","(0.8113938060596037, 107)"
219,20150322,842297,"(0.4948523719997323, 1)","(0.6305159387791781, 3)","(0.6161788680257648, 23)","(0.8438338721849915, 36)","(0.935503990088272, 339)","(2.402783664629766, 2)","(0.8952897118568464, 3)","(0.9122578947390936, 7)","(0.9720156980755954, 17)","(1.0939300391242943, 223)"
220,20150322,842301,"(0.9268561735991504, 8)","(0.8744017112864196, 22)","(0.9229348329640128, 393)","(0.8753721560383912, 61)","(0.9513539014318598, 48)","(1.2771185175115753, 1)","(1.0319690707281903, 4)","(0.8519995874038803, 52)","(0.882104255258777, 15)","(0.7919042162977314, 3)"
221,20150322,601143,"(0.6547297463885203, 2)","(0.882186947182518, 2)","(0.7699469918412238, 73)","(0.7697412055204289, 20)","(0.7268861811442138, 21)",0,0,0,"(0.6869977962821331, 7)","(0.6117896605169224, 2)"
222,20150322,696290,"(0.772836181769114, 4)","(0.933626778592251, 8)","(0.8183968215658165, 113)","(0.9605265020168893, 53)","(0.7993313200367456, 22)",0,0,0,0,"(0.7624502064454973, 9)"
223,20150322,842296,"(1.0, 1)","(0.6594276475658205, 4)","(0.8469535494683625, 16)","(0.9066833252120394, 30)","(1.0369010066196662, 94)",0,"(0.8108454224389143, 1)","(0.7819014439970539, 2)","(0.8739262685581131, 6)","(0.989630617140909, 7)"