,shooter,game,x,y,value,NN_probability,SVM_probability
0,842298,20141114,24.16832,87.37836,2,0.227218688,0.56644653
1,842298,20141114,23.29794,86.87686,2,0.225946128,0.538147978
2,842298,20141114,19.49877,86.57845,2,0.551880121,0.441213187
3,842298,20141114,7.72555,75.63869,3,0.347811729,0.483969967
4,842298,20141114,22.14079,87.31722,2,0.552128911,0.612373866
5,842298,20141114,27.16747,68.48652,2,0.51335144,0.396648096
6,842298,20141114,21.54384,12.21998,2,0.245132849,0.374644637
7,842298,20141114,46.30844,6.91183,3,0.252738357,0.353470153
8,842298,20141114,27.0715,6.32333,2,0.50455749,0.651874038
9,842298,20141114,21.30758,5.27502,2,0.63210237,0.455858599
10,842298,20141114,24.43122,8.92763,2,0.505446911,0.619020419
11,842298,20141114,6.3993,16.60862,3,0.086825557,0.38524979
12,842298,20141115,22.47058,85.1782,2,0.816233873,0.610720411
13,842298,20141115,8.01438,72.58023,3,0.316680223,0.488346228
14,842298,20141115,27.0764,81.88102,2,0.552290082,0.376782376
15,842298,20141115,24.16339,85.25299,2,0.543147922,0.602021392
16,842298,20141115,2.74507,84.81884,3,0.676370561,0.387209129
17,842298,20141115,9.68821,84.82432,2,0.570039928,0.544557189
18,842298,20141115,27.84956,89.29351,2,0.268968105,0.662161392
19,842298,20141115,25.53238,9.42802,2,0.638552427,0.559287902
20,842298,20141115,26.41817,12.77943,2,0.548011661,0.523397443
21,842298,20141115,23.85291,10.25941,2,0.073675096,0.434177728
22,842298,20141118,23.92213,85.48314,2,0.615608394,0.676028038
23,842298,20141118,27.48486,82.05681,2,0.25107488,0.418206768
24,842298,20141118,31.79576,70.99624,2,0.553787112,0.439914405
25,842298,20141118,22.33436,89.88415,2,0.711773813,0.425175428
26,842298,20141118,4.79778,78.93697,3,0.56472528,0.479571261
27,842298,20141118,31.7841,83.13256,2,0.291457772,0.371913733
28,842298,20141118,15.97395,27.03012,3,0.42001012,0.373677242
29,842298,20141118,29.12541,8.83046,2,0.53243953,0.566078291
30,842298,20141118,21.5568,8.77173,2,0.579284191,0.564614443
31,842298,20141118,21.39835,6.032,2,0.547630608,0.545605783
32,842298,20141118,25.97448,11.17293,2,0.5475685,0.574185389
33,842298,20141121,22.96102,5.52946,2,0.134248137,0.565156776
34,842298,20141121,7.88982,21.91129,3,0.401221097,0.474600593
35,842298,20141121,21.20474,6.88295,2,0.818556726,0.633932104
36,842298,20141121,15.79336,69.3057,3,0.204277292,0.35467576
37,842298,20141121,20.58337,89.01482,2,0.288363367,0.55568205
38,842298,20141121,10.059,73.8736,3,0.531583905,0.386121787
39,842298,20141121,17.34041,68.73875,3,0.431711435,0.403501447
40,842298,20141121,41.73952,75.60207,3,0.182740867,0.421786918
41,842298,20141122,39.0265,28.44747,3,0.229288712,0.454487198
42,842298,20141122,4.54173,6.40374,2,0.134341717,0.408028455
43,842298,20141122,27.03813,11.85292,2,0.556391716,0.5
44,842298,20141122,12.25869,24.01518,3,0.257044792,0.441323352
45,842298,20141122,25.35395,26.21753,3,0.378789991,0.44989785
46,842298,20141122,26.10693,22.06775,2,0.544893265,0.445236915
47,842298,20141122,25.2856,4.86809,2,0.82129389,0.653107161
48,842298,20141122,3.66577,5.73832,3,0.257297754,0.41539616
49,842298,20141122,6.09067,78.5815,3,0.418390125,0.511855586
50,842298,20141122,34.14959,68.4771,3,0.379022986,0.362195763
51,842298,20141126,7.1039,70.01707,3,0.507665575,0.485591538
52,842298,20141126,9.46062,72.769,3,0.592129529,0.425408116
53,842298,20141126,27.50178,84.73192,2,0.999721587,0.662018052
54,842298,20141126,23.58111,88.66992,2,0.528252184,0.604766177
55,842298,20141126,26.96971,87.95335,2,0.29532814,0.564354489
56,842298,20141126,26.42249,7.49148,2,0.452844739,0.491092345
57,842298,20141126,40.5125,19.91915,3,0.329257786,0.386147724
58,842298,20141130,25.24166,85.2171,2,0.591009736,0.658963153
59,842298,20141130,46.52007,5.75338,3,0.42037788,0.419455097
60,842298,20141130,40.28135,22.46639,3,0.401167661,0.505386447
61,842298,20141130,27.12957,8.60358,2,0.700387955,0.579095137
62,842298,20141215,27.98958,87.39,2,0.686280787,0.633895455
63,842298,20141215,21.41977,86.36789,2,0.996489942,0.690877392
64,842298,20141215,27.95039,85.93973,2,0.917323709,0.699327769
65,842298,20141215,29.12038,83.88693,2,0.551527381,0.584535209
66,842298,20141215,7.18808,86.11773,2,0.260860175,0.415077164
67,842298,20141215,32.17816,26.00113,3,0.349611312,0.394438359
68,842298,20141215,24.93327,7.73721,2,0.554326892,0.669597363
69,842298,20141215,3.49174,8.27142,3,0.70068866,0.455196363
70,842298,20141215,3.55235,8.76685,3,0.456620663,0.418164446
71,842298,20141215,11.34804,27.07875,3,0.262652516,0.390180308
72,842298,20141229,23.04733,86.37051,2,0.939070523,0.692618852
73,842298,20141229,20.35616,81.79965,2,0.337585509,0.486145676
74,842298,20141229,19.61105,85.03074,2,0.79523766,0.5
75,842298,20141229,19.20226,68.20923,3,0.545801401,0.550403295
76,842298,20141229,17.78139,85.16331,2,0.149070129,0.393190412
77,842298,20141229,26.84123,86.4121,2,0.574602246,0.533131564
78,842298,20141229,40.92316,77.21137,2,0.55141443,0.393570592
79,842298,20141229,3.36164,7.32493,3,0.388928324,0.5
80,842298,20141229,6.211,19.15941,3,0.203644037,0.407742242
81,842298,20141231,27.14,89.72454,2,0.585022867,0.623914206
82,842298,20141231,46.85975,86.63978,3,0.550260782,0.380563061
83,842298,20141231,3.18244,85.99275,3,0.389476508,0.448234507
84,842298,20141231,26.54433,72.76849,2,0.555684388,0.456778392
85,842298,20141231,23.63377,87.77229,2,0.713570654,0.657742824
86,842298,20141231,3.61382,85.9479,3,0.631426096,0.481199946
87,842298,20141231,20.25066,90.23951,2,0.628783226,0.587795822
88,842298,20141231,25.85802,86.15989,2,0.551961422,0.466061625
89,842298,20141231,25.51336,87.96471,2,0.553042769,0.614654725
90,842298,20141231,48.80922,90.75507,3,0.377985686,0.463945653
91,842298,20141231,26.91741,21.90037,2,0.508086741,0.398977529
92,842298,20150103,4.11914,82.10619,3,0.223686829,0.51191296
93,842298,20150103,22.08641,89.28609,2,0.670303166,0.64969602
94,842298,20150103,21.53781,86.07782,2,0.557349265,0.494467243
95,842298,20150103,21.72575,84.94643,2,0.797526896,0.680245482
96,842298,20150103,26.93991,9.66539,2,0.827789307,0.586416746
97,842298,20150103,46.24709,4.22862,3,0.271223664,0.377379324
98,842298,20150103,23.68105,9.62417,2,0.553732991,0.465918088
99,842298,20150113,26.97452,87.42356,2,0.262862265,0.5
100,842298,20150113,24.20328,85.90065,2,0.550321281,0.411477841
101,842298,20150113,22.64599,88.65736,2,0.573780119,0.566645863
102,842298,20150113,47.1418,88.05623,3,0.265243351,0.386714529
103,842298,20150113,23.8976,8.85991,2,0.806394398,0.652731688
104,842298,20150113,3.35409,5.04834,3,0.288589209,0.363537764
105,842298,20150119,41.29611,89.18424,2,0.548073113,0.472029914
106,842298,20150119,4.42181,83.49568,3,0.359023273,0.463539932
107,842298,20150119,4.3759,80.63041,3,0.37383911,0.416763696
108,842298,20150119,46.2632,88.43893,3,0.268170923,0.461009348
109,842298,20150119,24.36016,10.55545,2,0.171186134,0.420208089
110,842298,20150119,45.97383,10.02777,3,0.639321983,0.413978531
111,842298,20150119,26.05235,9.29353,2,0.543127656,0.584703165
112,842298,20150204,28.32413,85.36066,2,0.556983054,0.560761242
113,842298,20150204,37.04521,70.52449,3,0.398009598,0.391237021
114,842298,20150204,24.80097,84.89433,2,0.686629236,0.656076296
115,842298,20150204,23.03529,89.08346,2,0.548609138,0.430199165
116,842298,20150204,26.11586,87.01103,2,0.738028944,0.583351064
117,842298,20150204,23.65097,9.20488,2,0.999227881,0.66191505
118,842298,20150207,23.61437,87.25019,2,0.867021143,0.685724373
119,842298,20150207,24.73708,85.60866,2,0.547672212,0.604103843
120,842298,20150207,26.65414,87.11075,2,0.995555937,0.659999251
121,842298,20150207,3.60886,87.27657,3,0.744229913,0.48949404
122,842298,20150207,27.85422,3.91174,2,0.430196792,0.414339835
123,842298,20150207,19.35443,26.61417,3,0.228535384,0.383397998
124,842298,20150207,24.91315,9.34468,2,0.469012499,0.642458305
125,842298,20150207,23.70507,5.66077,2,0.550832927,0.564186178
126,842298,20150207,23.17654,8.86788,2,0.550944686,0.5
127,842298,20150207,17.17846,-1.16595,2,0.547754943,0.566740517
128,842298,20150207,21.51981,7.44296,2,0.588049769,0.653380212
129,842298,20150218,13.83582,81.41805,2,0.55592531,0.565663185
130,842298,20150218,20.68059,86.94385,2,0.786810219,0.614640036
131,842298,20150218,23.17892,92.56138,2,0.548673749,0.572842895
132,842298,20150218,20.22662,5.80398,2,0.305091053,0.410909302
133,842298,20150218,22.75612,5.85593,2,0.589245737,0.588116231
134,842298,20150218,25.61757,10.3331,2,0.818771899,0.562742461
135,842298,20150218,22.83976,9.13013,2,0.11025551,0.37614517
136,842298,20150218,10.07358,22.43058,3,0.267578691,0.392039807
137,842298,20150218,22.22228,8.71817,2,0.53744024,0.66199494
138,842298,20150218,29.17851,7.33728,2,0.527585745,0.45465313
139,842298,20150221,28.3132,86.5809,2,0.849433601,0.652920044
140,842298,20150221,25.8908,86.96161,2,0.555482388,0.489829318
141,842298,20150221,8.10695,83.87972,2,0.189202935,0.52355908
142,842298,20150221,5.09555,79.04421,3,0.639575183,0.528484619
143,842298,20150221,21.82262,85.85165,2,0.713185787,0.668015796
144,842298,20150221,23.70772,87.40554,2,0.858317673,0.668897293
145,842298,20150221,23.59325,88.30609,2,0.551737249,0.64865095
146,842298,20150221,29.16937,89.41943,2,0.93720299,0.727654247
147,842298,20150221,26.37645,85.46386,2,0.955706775,0.656216944
148,842298,20150221,22.15767,73.2425,2,0.299141228,0.453406799
149,842298,20150221,27.35816,87.96479,2,0.556168199,0.657784223
150,842298,20150221,22.37571,9.64754,2,0.022752922,0.378382531
151,842298,20150221,26.90373,9.22156,2,0.66920799,0.573348949
152,842298,20150221,27.44261,6.17586,2,0.726095557,0.658120829
153,842298,20150228,21.82875,89.2015,2,0.864326477,0.632756428
154,842298,20150228,23.45276,89.41312,2,0.822164834,0.693040699
155,842298,20150228,38.63213,69.51994,3,0.473330468,0.376753003
156,842298,20150228,26.52773,89.57521,2,0.785318136,0.732850913
157,842298,20150228,4.09457,82.66544,3,0.360001117,0.410671142
158,842298,20150228,20.04045,89.98887,2,0.628031313,0.594426209
159,842298,20150228,27.84488,86.57827,2,0.886354804,0.670826736
160,842298,20150228,26.40358,88.9176,2,0.548209131,0.586400433
161,842298,20150228,23.2327,85.785,2,0.545792401,0.59435361
162,842298,20150228,16.23965,81.39942,2,0.488838404,0.4530824
163,842298,20150228,22.4969,84.64133,2,0.961120963,0.687747564
164,842298,20150228,29.57802,11.73821,2,0.42615962,0.398481436
165,842298,20150228,40.60215,22.34862,3,0.460784197,0.434997135
166,842298,20150228,34.52682,24.47941,3,0.242764354,0.471740817
167,842298,20150228,44.2149,18.25715,3,0.412992805,0.386885972
168,842298,20150228,22.36301,9.40951,2,0.93802768,0.674335589
169,842298,20150304,28.01011,86.97536,2,0.664738417,0.664552142
170,842298,20150304,22.71528,89.26965,2,0.546278477,0.66240705
171,842298,20150304,20.91766,86.80742,2,0.496612012,0.632360064
172,842298,20150304,24.67262,85.69925,2,0.809322953,0.595569923
173,842298,20150304,24.11271,85.62378,2,0.999027371,0.662581178
174,842298,20150304,24.28954,89.84545,2,0.900536776,0.598119169
175,842298,20150304,24.88037,86.10352,2,0.502467036,0.522605006
176,842298,20150304,43.80142,15.75635,3,0.354349673,0.420766807
177,842298,20150312,42.41215,18.48157,3,0.410781533,0.624503364
178,842298,20150312,27.32536,7.07718,2,0.510449827,0.484391679
179,842298,20150312,9.97802,20.32905,3,0.3115789,0.432451938
180,842298,20150312,27.85899,6.53743,2,0.752479196,0.57701643
181,842298,20150312,33.48312,69.06645,3,0.490028679,0.38729435
182,842298,20150312,22.21423,86.18042,2,0.669496655,0.560358999
183,842298,20150312,36.35037,76.53471,2,0.480073601,0.575181878
184,842298,20150313,22.68022,4.35647,2,0.554326832,0.663297126
185,842298,20150313,16.08381,11.17669,2,0.128107026,0.379096745
186,842298,20150313,21.89291,86.70701,2,0.768045485,0.658448097
187,842298,20150313,27.07018,88.07076,2,0.907399774,0.667684322
188,842298,20150313,22.43721,84.21675,2,0.190927684,0.456666253
189,842298,20150313,25.3167,88.17496,2,0.903082013,0.652651682
190,842298,20150313,24.36736,86.3079,2,0.903888822,0.661614863
191,842298,20150320,23.88956,11.03285,2,0.550703585,0.469350753
192,842298,20150320,11.73223,20.24894,2,0.47505635,0.392370241
193,842298,20150320,26.77206,10.95075,2,0.5509395,0.595094677
194,842298,20150320,3.67694,7.89609,3,0.554913759,0.385180992
195,842298,20150322,21.95444,88.82535,2,0.555492818,0.48322942
196,842298,20150322,28.17542,87.71386,2,0.553272426,0.588534374
197,842298,20150322,23.26856,86.90296,2,0.549424946,0.5
198,842298,20150322,24.74969,75.16654,2,0.544536591,0.533359821
199,842298,20150322,28.27616,86.73276,2,0.552212715,0.466172706
200,842298,20150322,22.70575,86.32407,2,0.540274143,0.5
201,842298,20150322,37.59066,17.5577,2,0.527710676,0.394762595
202,842298,20150322,25.77233,8.95004,2,0.72158581,0.68796949
203,842298,20150322,21.79001,23.79777,2,0.392751247,0.472134662
204,842298,20150322,29.98214,26.21564,3,0.232892096,0.50620263
205,842297,20141114,29.5493,89.83687,2,0.830577791,0.653189641
206,842297,20141114,4.25899,89.128,2,0.543876469,0.566144002
207,842297,20141114,35.74705,72.20105,2,0.546283543,0.443961408
208,842297,20141114,33.52108,73.15344,2,0.140825197,0.562680879
209,842297,20141114,40.55121,22.60868,3,0.396226466,0.409245574
210,842297,20141114,46.59751,4.35394,3,0.683825612,0.458683484
211,842297,20141114,23.29576,5.27956,2,0.984607995,0.658934629
212,842297,20141114,18.49039,25.76811,3,0.390582681,0.385905932
213,842297,20141115,20.00818,68.91827,2,0.546174765,0.5
214,842297,20141115,28.4196,66.94328,3,0.464425683,0.361102028
215,842297,20141115,23.9874,84.12781,2,0.718781471,0.661086514
216,842297,20141115,34.68327,9.91319,2,0.45822531,0.450912982
217,842297,20141115,40.41275,20.04183,3,0.269849062,0.384684836
218,842297,20141118,10.1588,70.81384,3,0.546219945,0.345414546
219,842297,20141118,27.5102,6.96365,2,0.754204631,0.658230954
220,842297,20141118,21.40016,28.79673,3,0.324082047,0.387725246
221,842297,20141118,28.0827,7.27485,2,0.726983488,0.543322568
222,842297,20141118,33.5199,24.93745,3,0.455873847,0.485205103
223,842297,20141121,37.9757,4.50368,2,0.55183506,0.373523826
224,842297,20141121,45.91458,3.75182,3,0.264665246,0.420844273
225,842297,20141121,22.31903,6.89573,2,0.667385221,0.544781552
226,842297,20141121,43.18158,15.69832,3,0.169490799,0.371653468
227,842297,20141121,43.02413,16.77847,3,0.430520177,0.387486177
228,842297,20141121,44.12196,7.84914,2,0.044716232,0.367904329
229,842297,20141121,39.23154,73.39547,3,0.335770726,0.386370378
230,842297,20141122,22.53675,15.89002,2,0.070465103,0.330406072
231,842297,20141122,21.59743,26.97038,3,0.208639547,0.386192416
232,842297,20141122,9.09147,89.17532,2,0.349295616,0.381552136
233,842297,20141122,45.69871,89.07447,2,0.327874273,0.361117475
234,842297,20141122,11.35976,71.6253,3,0.301401764,0.351915551
235,842297,20141122,25.04613,88.05942,2,0.690233529,0.5
236,842297,20141126,27.60794,86.70878,2,0.869351029,0.4861898
237,842297,20141126,5.80605,13.69869,3,0.082223572,0.385905456
238,842297,20141130,23.56175,82.62299,2,0.510849833,0.612333376
239,842297,20141130,22.38288,82.39348,2,0.554466188,0.642411322
240,842297,20141130,32.96627,66.93288,3,0.219683021,0.425637029
241,842297,20141130,45.36259,88.25631,2,0.331588179,0.386861618
242,842297,20141130,28.90252,86.11923,2,0.940178692,0.689695935
243,842297,20141130,45.8082,78.58424,3,0.020777725,0.386220693
244,842297,20141130,31.97007,8.99346,2,0.034766357,0.435745265
245,842297,20141130,39.10112,22.26694,3,0.301260561,0.444900576
246,842297,20141215,36.31448,88.91544,2,0.547688425,0.437973344
247,842297,20141229,9.78082,73.01066,3,0.195504248,0.385323288
248,842297,20141229,46.96748,6.43235,3,0.577207208,0.459135033
249,842297,20141229,3.89312,4.71081,3,0.42248553,0.421384906
250,842297,20141231,10.06256,69.59193,3,0.522736311,0.526586328
251,842297,20141231,19.31145,11.50168,2,0.168463051,0.402493692
252,842297,20141231,22.96846,8.30295,2,0.820237815,0.634202281
253,842297,20141231,46.24453,5.19233,3,0.437188804,0.409578993
254,842297,20150103,28.40593,82.7065,2,0.186253116,0.428862689
255,842297,20150103,30.91881,87.16703,2,0.162619576,0.347363533
256,842297,20150103,29.96886,10.58386,2,0.235507235,0.365282934
257,842297,20150103,3.34363,7.00688,3,0.173178449,0.413951996
258,842297,20150103,27.74954,23.0818,2,0.546437383,0.394632845
259,842297,20150113,42.39429,74.29102,3,0.426511765,0.474875481
260,842297,20150113,20.09008,84.34416,2,0.444066763,0.603687041
261,842297,20150113,19.36104,87.52069,2,0.551239967,0.394364049
262,842297,20150113,11.89732,77.54982,2,0.547918081,0.382659689
263,842297,20150113,28.48275,5.92887,2,0.320452273,0.494232249
264,842297,20150113,28.22826,5.11365,2,0.460206181,0.48429865
265,842297,20150113,17.58277,6.87599,2,0.685173035,0.47778622
266,842297,20150113,23.14338,27.98255,3,0.262691289,0.400225157
267,842297,20150113,5.04881,20.34485,3,0.160965532,0.419653845
268,842297,20150119,45.98288,88.20365,3,0.364639491,0.452487107
269,842297,20150119,28.1575,87.65047,2,0.812433541,0.505854579
270,842297,20150119,4.23676,84.35207,3,0.360253125,0.530779224
271,842297,20150119,46.56773,85.40768,3,0.6844455,0.462886284
272,842297,20150119,3.80868,88.57664,3,0.337827981,0.399910506
273,842297,20150119,20.46969,89.5109,2,0.82496208,0.587110349
274,842297,20150119,30.049,7.23904,2,0.836517215,0.66147585
275,842297,20150119,46.75697,4.44293,3,0.155021563,0.38635193
276,842297,20150119,27.76897,3.36918,2,0.552346647,0.655100477
277,842297,20150119,15.37478,28.90536,3,0.419116676,0.460681635
278,842297,20150119,22.11719,5.64713,2,0.149405882,0.404755626
279,842297,20150204,16.93524,83.61565,2,0.143044546,0.402965661
280,842297,20150204,5.44363,77.75294,3,0.545820355,0.335021687
281,842297,20150204,20.90036,82.16872,2,0.06935484,0.363089886
282,842297,20150204,29.64591,88.92159,2,0.652268171,0.641881175
283,842297,20150204,12.4822,68.0768,3,0.165595919,0.383543971
284,842297,20150204,38.83794,72.88581,3,0.385609448,0.375971458
285,842297,20150204,8.06883,18.64478,3,0.380378008,0.437883794
286,842297,20150204,19.27123,12.2942,2,0.553147078,0.521722993
287,842297,20150204,22.44534,5.65461,2,0.531630576,0.490625443
288,842297,20150204,17.8931,8.00433,2,0.086894624,0.411861553
289,842297,20150207,47.12074,86.52596,3,0.279691458,0.416179733
290,842297,20150207,22.87152,87.18264,2,0.80171895,0.67909822
291,842297,20150207,22.21871,27.71928,3,0.321734637,0.38534223
292,842297,20150207,3.57189,3.89781,3,0.510578215,0.456649053
293,842297,20150218,21.33405,86.38684,2,0.718404949,0.585981813
294,842297,20150218,24.06033,64.90885,3,0.470750719,0.568258528
295,842297,20150218,19.78614,82.97976,2,0.548830032,0.444842628
296,842297,20150218,19.68364,89.12442,2,0.436564803,0.482231905
297,842297,20150218,34.41568,26.3897,3,0.384770989,0.3868115
298,842297,20150218,31.60257,5.58289,2,0.413588047,0.399968443
299,842297,20150218,27.02037,6.24163,2,0.496611387,0.538729103
300,842297,20150218,18.2611,7.70203,2,0.200335771,0.409233171
301,842297,20150218,5.77447,4.69018,2,0.389253289,0.527904045
302,842297,20150218,18.85513,27.02891,3,0.128421396,0.427044635
303,842297,20150218,35.45221,25.74372,3,0.175450966,0.423798899
304,842297,20150218,26.94718,3.77128,2,0.798644722,0.596166552
305,842297,20150218,25.59497,10.10351,2,0.43270281,0.641722318
306,842297,20150218,29.86691,6.86655,2,0.19727765,0.55176149
307,842297,20150218,21.18248,6.40563,2,0.479476511,0.577890105
308,842297,20150218,35.32703,7.36074,2,0.168748334,0.441913061
309,842297,20150221,26.8606,86.38529,2,0.682851374,0.472394502
310,842297,20150221,46.32071,89.37095,3,0.304746509,0.489841449
311,842297,20150221,30.60788,88.27409,2,0.553236961,0.549204809
312,842297,20150221,21.34084,87.51369,2,0.553992152,0.399607074
313,842297,20150221,25.43581,83.78907,2,0.840788841,0.646343409
314,842297,20150221,30.11569,5.44905,2,0.418209314,0.451660873
315,842297,20150221,31.66864,7.48702,2,0.788554549,0.58863606
316,842297,20150221,21.72013,12.67484,2,0.556620836,0.563241329
317,842297,20150221,4.54034,5.92023,2,0.395511538,0.57077043
318,842297,20150221,19.66558,6.32417,2,0.930165589,0.667307347
319,842297,20150221,32.27279,25.08657,3,0.315355003,0.449822153
320,842297,20150228,36.37032,89.84969,2,0.655941606,0.555805995
321,842297,20150228,8.79832,71.75091,3,0.262820512,0.372577096
322,842297,20150228,15.57495,83.88331,2,0.558019161,0.658930008
323,842297,20150228,44.37573,80.17397,3,0.594966471,0.387124778
324,842297,20150228,5.0012,19.85047,3,0.229730844,0.36513237
325,842297,20150228,10.54239,22.91801,3,0.415273696,0.34972407
326,842297,20150228,29.07548,13.37844,2,0.563849151,0.580102092
327,842297,20150304,10.09814,71.41537,3,0.508064568,0.467532307
328,842297,20150304,31.12675,86.1672,2,0.466669381,0.487836911
329,842297,20150304,45.16261,82.81566,3,0.179246798,0.509255711
330,842297,20150304,28.52313,88.95383,2,0.384069949,0.412726247
331,842297,20150304,25.98676,91.04211,2,0.194045752,0.493832196
332,842297,20150304,31.90352,64.39254,3,0.18730855,0.587893831
333,842297,20150304,9.71561,14.47914,2,0.106452279,0.454432293
334,842297,20150304,21.02834,6.37548,2,0.857251346,0.655799744
335,842297,20150312,12.558,24.92015,3,0.101753324,0.423467989
336,842297,20150312,27.05681,8.62632,2,0.797251463,0.577634438
337,842297,20150312,32.18036,6.33556,2,0.502300501,0.486363267
338,842297,20150312,27.34232,26.39233,3,0.071716145,0.415892121
339,842297,20150312,31.41863,7.49892,2,0.358072847,0.459277144
340,842297,20150312,20.23727,86.98423,2,0.937074244,0.663128651
341,842297,20150312,35.16695,86.27243,2,0.106976546,0.381722741
342,842297,20150312,24.85964,89.81767,2,0.740755558,0.661850213
343,842297,20150312,28.45383,84.76231,2,0.822556734,0.64693512
344,842297,20150313,28.35442,5.7472,2,0.926602125,0.713848745
345,842297,20150313,3.73843,3.74313,3,0.116721436,0.431345846
346,842297,20150313,22.11426,3.06676,2,0.111350626,0.476550784
347,842297,20150313,21.92524,5.76954,2,0.999777734,0.660756283
348,842297,20150313,27.56358,6.92283,2,0.177409127,0.38091065
349,842297,20150313,25.69484,10.65981,2,0.05121585,0.387670992
350,842297,20150313,24.03027,81.40653,2,0.453717291,0.469170113
351,842297,20150313,29.45114,84.96928,2,0.800814509,0.637164434
352,842297,20150313,29.63351,68.45248,3,0.476084471,0.381009069
353,842297,20150313,31.27724,88.13474,2,0.066064559,0.371835244
354,842297,20150313,36.35254,67.62673,3,0.409728706,0.516335142
355,842297,20150313,16.25789,67.61366,3,0.290178567,0.494277642
356,842297,20150313,35.06232,66.27516,3,0.776826978,0.382091992
357,842297,20150320,3.69377,87.71155,3,0.625801563,0.477187
358,842297,20150320,33.19343,82.84694,2,0.554578662,0.481941918
359,842297,20150320,5.48288,80.28497,3,0.678285837,0.516843275
360,842297,20150320,26.42677,88.89948,2,0.950414658,0.658088312
361,842297,20150320,36.68938,62.87664,3,0.099849209,0.402237922
362,842297,20150320,21.14708,27.53014,3,0.423661232,0.386486795
363,842297,20150320,3.69197,5.28561,3,0.595563293,0.491199669
364,842297,20150322,21.25781,84.35615,2,0.33857137,0.392941179
365,842297,20150322,28.73095,87.92266,2,0.551426411,0.348837293
366,842297,20150322,34.42256,82.28614,2,0.55844909,0.487077721
367,842297,20150322,9.58182,78.71547,2,0.185088739,0.420020408
368,842297,20150322,46.10955,16.7249,3,0.655504107,0.426460836
369,842297,20150322,32.80351,8.84284,2,0.547997713,0.363847142
370,842297,20150322,27.38884,7.00174,2,0.909367502,0.651746274
371,842297,20150322,21.48198,7.59351,2,0.97364229,0.737884676
372,842297,20150322,21.30672,7.56172,2,0.338295251,0.491697533
373,842301,20141114,27.39521,88.89332,2,0.549765825,0.5
374,842301,20141114,32.91662,85.95409,2,0.727890313,0.513683307
375,842301,20141114,31.53979,86.79873,2,0.663848639,0.615965889
376,842301,20141114,27.91708,89.26909,2,0.544422686,0.545953543
377,842301,20141114,23.09169,86.52804,2,0.555850983,0.634766921
378,842301,20141114,35.87512,88.05648,2,0.531139374,0.590849077
379,842301,20141114,25.63158,85.81388,2,0.554994345,0.72367817
380,842301,20141114,23.70808,7.75786,2,0.557533324,0.646596817
381,842301,20141114,20.84634,7.8599,2,0.551993549,0.511081498
382,842301,20141114,21.95433,8.54939,2,0.603935242,0.602333167
383,842301,20141115,25.50468,86.17122,2,0.625145733,0.618564656
384,842301,20141115,34.79983,86.92802,2,0.854129851,0.625456221
385,842301,20141115,27.77462,88.25841,2,0.625842512,0.742693214
386,842301,20141115,20.35097,85.46727,2,0.518972874,0.483524468
387,842301,20141115,27.78166,86.81205,2,0.548243403,0.544921266
388,842301,20141115,27.26641,84.87324,2,0.165182933,0.568920006
389,842301,20141115,27.5309,85.93955,2,0.653447926,0.664966151
390,842301,20141115,30.69007,8.29684,2,0.547121167,0.477640974
391,842301,20141115,24.73751,6.40018,2,0.554119706,0.692781607
392,842301,20141115,23.82874,8.45682,2,0.532057106,0.662416412
393,842301,20141118,29.94256,87.78704,2,0.5542714,0.613403931
394,842301,20141118,27.39785,86.74703,2,0.539865196,0.661189529
395,842301,20141118,35.44733,85.66644,2,0.554861426,0.56811651
396,842301,20141118,22.54668,88.71238,2,0.928567588,0.660707949
397,842301,20141118,33.4765,88.89976,2,0.23516874,0.439672131
398,842301,20141118,25.6341,90.22526,2,0.373788059,0.642093927
399,842301,20141118,27.58085,6.4731,2,0.631164789,0.687465341
400,842301,20141118,20.36875,7.02192,2,0.546866953,0.535871337
401,842301,20141118,28.3414,9.45824,2,0.555401325,0.644842082
402,842301,20141118,21.18086,4.72484,2,0.386447519,0.568229227
403,842301,20141121,19.87618,11.12958,2,0.553173065,0.565228603
404,842301,20141121,16.68094,7.27004,2,0.547744989,0.385419243
405,842301,20141121,26.92998,4.97179,2,0.646362305,0.587678123
406,842301,20141121,26.9249,4.91463,2,0.435183644,0.620087984
407,842301,20141121,14.4738,7.91856,2,0.552141964,0.544674704
408,842301,20141121,23.00552,8.97357,2,0.553886294,0.508430325
409,842301,20141121,26.96666,5.7315,2,0.54019618,0.629411235
410,842301,20141121,18.12365,7.90503,2,0.54836154,0.510650982
411,842301,20141121,23.32517,5.75658,2,0.700399041,0.642911055
412,842301,20141121,24.75357,5.7506,2,0.552613497,0.530084996
413,842301,20141121,23.43645,11.25655,2,0.556732535,0.583853667
414,842301,20141121,22.13093,8.60702,2,0.552034914,0.521563508
415,842301,20141121,24.07919,7.74134,2,0.381384373,0.44462297
416,842301,20141121,27.75841,88.6154,2,0.548141658,0.454872804
417,842301,20141121,35.24112,86.98372,2,0.436877489,0.484553172
418,842301,20141121,25.40912,88.48963,2,0.900179803,0.656254182
419,842301,20141121,29.57095,88.16841,2,0.689336717,0.583332355
420,842301,20141121,27.07202,84.25814,2,0.522764981,0.700325742
421,842301,20141121,34.40671,86.55821,2,0.503942549,0.455935486
422,842301,20141121,21.57512,85.35592,2,0.549713254,0.600629122
423,842301,20141122,25.13293,4.49482,2,0.555430233,0.430155304
424,842301,20141122,23.46968,10.02459,2,0.999027848,0.663141091
425,842301,20141122,29.82056,4.6825,2,0.5508973,0.552282484
426,842301,20141122,26.24846,4.84369,2,0.548484862,0.54601122
427,842301,20141122,28.71851,11.80259,2,0.547854304,0.5
428,842301,20141122,19.89426,87.02555,2,0.599451244,0.5
429,842301,20141122,23.42071,83.91993,2,0.550371051,0.625666965
430,842301,20141122,27.85794,88.36596,2,0.987826884,0.68556232
431,842301,20141122,26.57497,81.6518,2,0.373251975,0.612589289
432,842301,20141122,23.07971,88.72595,2,0.589486063,0.646958782
433,842301,20141126,25.12969,85.92659,2,0.559196711,0.568160647
434,842301,20141126,25.23042,85.62915,2,0.557169318,0.570040038
435,842301,20141126,27.03641,88.10899,2,0.549077094,0.629868217
436,842301,20141126,22.38774,87.90249,2,0.551190436,0.660874686
437,842301,20141126,23.93476,85.35614,2,0.877979636,0.700402231
438,842301,20141126,25.45779,82.41308,2,0.555339336,0.51409623
439,842301,20141126,21.56257,87.35543,2,0.573964655,0.693102874
440,842301,20141126,28.96348,4.08286,2,0.507196069,0.663870547
441,842301,20141126,25.0369,5.40688,2,0.766569197,0.66199982
442,842301,20141126,27.82895,5.04463,2,0.547586262,0.529235874
443,842301,20141126,23.32447,8.45565,2,0.183112174,0.518828823
444,842301,20141126,21.50827,8.05102,2,0.880504131,0.683558799
445,842301,20141126,25.79465,6.82106,2,0.875382662,0.666014082
446,842301,20141126,22.17448,5.955,2,0.756005883,0.615789416
447,842301,20141130,29.64381,87.01715,2,0.553342044,0.51908119
448,842301,20141130,24.67746,84.54832,2,0.5520913,0.576910096
449,842301,20141130,26.97508,88.58591,2,0.765733004,0.660449031
450,842301,20141130,19.65285,89.53926,2,0.553105474,0.594637633
451,842301,20141130,23.10375,88.90527,2,0.877444506,0.68958499
452,842301,20141130,23.63647,85.04961,2,0.951087952,0.663398291
453,842301,20141130,37.90331,85.20373,2,0.362578481,0.536336682
454,842301,20141130,24.07975,88.65022,2,0.672811568,0.653398916
455,842301,20141130,13.90899,92.03385,2,0.552747965,0.510547207
456,842301,20141130,29.16588,3.08692,2,0.549881101,0.551797709
457,842301,20141130,26.08908,19.58631,2,0.353644699,0.659421709
458,842301,20141130,23.03818,5.92534,2,0.553646028,0.570812131
459,842301,20141130,24.36998,7.52359,2,0.978410065,0.656222896
460,842301,20141130,24.59388,13.90092,2,0.442850739,0.548057986
461,842301,20141215,31.06939,87.28177,2,0.29079926,0.664314196
462,842301,20141215,28.80873,75.50568,2,0.556294441,0.647399484
463,842301,20141215,21.49945,89.57284,2,0.807600141,0.692328479
464,842301,20141215,26.49945,89.04199,2,0.686205268,0.623492346
465,842301,20141215,26.49467,88.66813,2,0.934303761,0.664903588
466,842301,20141215,20.4918,88.92399,2,0.549966872,0.59300733
467,842301,20141215,23.62589,84.08933,2,0.548091829,0.583980469
468,842301,20141215,24.02123,85.45509,2,0.546328247,0.587483044
469,842301,20141215,35.22081,7.30724,2,0.548482895,0.5
470,842301,20141215,19.03047,5.38054,2,0.816724241,0.658677843
471,842301,20141215,31.6823,6.01306,2,0.549592376,0.570706279
472,842301,20141215,18.00766,7.76952,2,0.548963726,0.569769243
473,842301,20141215,22.37747,6.12939,2,0.626063943,0.642942642
474,842301,20141215,28.43287,7.0324,2,0.785622537,0.680010319
475,842301,20141229,29.57285,88.31458,2,0.547947526,0.556457513
476,842301,20141229,33.73326,82.51899,2,0.586841702,0.692286588
477,842301,20141229,23.51242,89.44582,2,0.556670666,0.660961641
478,842301,20141229,26.24112,85.23983,2,0.332562,0.534795376
479,842301,20141229,24.89658,84.29675,2,0.430511773,0.565590025
480,842301,20141229,27.32672,88.5657,2,0.713955224,0.662562563
481,842301,20141229,25.68652,89.09815,2,0.825818837,0.58170176
482,842301,20141229,35.27107,87.13789,2,0.576395988,0.661314075
483,842301,20141229,23.6627,80.47566,2,0.547417939,0.635446776
484,842301,20141229,30.73546,88.45286,2,0.546817243,0.586129745
485,842301,20141229,21.63807,87.52546,2,0.826597095,0.722677725
486,842301,20141229,20.97972,11.27009,2,0.997711182,0.662345547
487,842301,20141229,25.20981,9.5565,2,0.967630088,0.638055412
488,842301,20141229,25.72793,2.87783,2,0.561799228,0.610076386
489,842301,20141229,30.39129,6.57746,2,0.554745138,0.673231089
490,842301,20141231,28.16464,81.66885,2,0.55239898,0.542085448
491,842301,20141231,29.72155,86.47152,2,0.547179163,0.367619838
492,842301,20141231,18.51478,88.97783,2,0.547794044,0.529877851
493,842301,20141231,13.25744,85.91946,2,0.545935035,0.512268962
494,842301,20141231,28.05193,88.49564,2,0.549228966,0.652180221
495,842301,20141231,20.86651,81.39891,2,0.11521522,0.559198513
496,842301,20141231,25.6587,91.02594,2,0.435335726,0.662092991
497,842301,20141231,20.27337,6.38668,2,0.54840374,0.5
498,842301,20141231,18.61899,6.73655,2,0.702531815,0.571053577
499,842301,20141231,14.8314,7.77511,2,0.701795757,0.553486957
500,842301,20141231,21.75699,8.76222,2,0.553144813,0.45192445
501,842301,20141231,26.87941,6.10492,2,0.912506759,0.659489872
502,842301,20141231,26.78839,5.85551,2,0.801733196,0.697161487
503,842301,20150103,19.84392,90.15634,2,0.547188103,0.596796622
504,842301,20150103,22.02478,80.38854,2,0.335769564,0.546526467
505,842301,20150103,30.59917,88.28224,2,0.190289736,0.361070148
506,842301,20150103,25.67626,86.33627,2,0.553426445,0.683328558
507,842301,20150103,22.67444,87.48125,2,0.552193463,0.54845968
508,842301,20150103,21.48603,3.76685,2,0.54766506,0.441286605
509,842301,20150103,21.95254,6.19778,2,0.940707564,0.680755335
510,842301,20150103,25.7104,9.01019,2,0.536176682,0.459703568
511,842301,20150103,21.71757,13.34651,2,0.553547144,0.62892143
512,842301,20150103,12.55936,7.91921,2,0.4616566,0.493456354
513,842301,20150103,18.85615,8.42982,2,0.554479301,0.617022994
514,842301,20150113,26.66308,82.5652,2,0.554137111,0.473509493
515,842301,20150113,24.66927,87.90626,2,0.143268272,0.555355594
516,842301,20150113,26.24636,91.40992,2,0.552649736,0.635480605
517,842301,20150113,28.90544,87.8872,2,0.865887403,0.708339466
518,842301,20150113,16.7311,85.08663,2,0.546981871,0.492165594
519,842301,20150113,30.02184,86.98661,2,0.622497559,0.629967126
520,842301,20150113,17.09791,6.06485,2,0.294917732,0.452292175
521,842301,20150113,21.91142,6.28843,2,0.547702432,0.52026624
522,842301,20150113,23.15464,7.88474,2,0.950933576,0.700570843
523,842301,20150113,15.81515,7.25537,2,0.441260368,0.371399621
524,842301,20150113,25.38594,6.51487,2,0.41774717,0.64030977
525,842301,20150113,21.74132,6.08441,2,0.55031091,0.465410495
526,842301,20150113,25.18929,4.32633,2,0.551632166,0.539627556
527,842301,20150119,20.63546,87.6227,2,0.554571867,0.572202365
528,842301,20150119,20.02596,89.12865,2,0.551223218,0.700807054
529,842301,20150119,29.18371,85.94001,2,0.674660981,0.528992661
530,842301,20150119,25.94593,89.83413,2,0.551935315,0.660832663
531,842301,20150119,22.09485,78.66188,2,0.586759984,0.561502744
532,842301,20150119,31.41144,86.87889,2,0.548681915,0.541761046
533,842301,20150119,25.57908,6.71245,2,0.54992944,0.584210258
534,842301,20150119,19.72726,6.53247,2,0.548588037,0.520870731
535,842301,20150119,27.17853,3.99672,2,0.550750315,0.642699169
536,842301,20150204,34.1785,86.58568,2,0.546724975,0.48706161
537,842301,20150204,28.29023,88.5162,2,0.640919805,0.634742819
538,842301,20150204,22.91284,88.90368,2,0.709129035,0.660548082
539,842301,20150204,20.39248,85.06409,2,0.549211502,0.585947575
540,842301,20150204,34.16096,87.70704,2,0.702211976,0.47375264
541,842301,20150204,33.92009,85.52332,2,0.429839164,0.408311522
542,842301,20150204,23.63566,6.29212,2,0.823974133,0.683846757
543,842301,20150204,24.24212,9.42432,2,0.561845958,0.657985941
544,842301,20150204,25.9221,12.6469,2,0.523666799,0.507395531
545,842301,20150204,23.36847,8.60267,2,0.641580462,0.615387335
546,842301,20150204,20.74657,4.84919,2,0.469977438,0.446272661
547,842301,20150204,39.07911,5.30688,2,0.686722219,0.454007855
548,842301,20150207,26.90565,89.82205,2,0.516767263,0.564759012
549,842301,20150207,23.61786,87.09053,2,0.551975012,0.633059719
550,842301,20150207,24.42255,2.96372,2,0.54627192,0.539134047
551,842301,20150207,25.84825,10.828,2,0.899936259,0.663111656
552,842301,20150207,27.39461,3.08566,2,0.480859786,0.588787929
553,842301,20150207,26.04637,19.65514,2,0.989726961,0.64003999
554,842301,20150207,29.3049,2.71531,2,0.549836755,0.509246539
555,842301,20150207,12.70076,8.21624,2,0.366283625,0.384269515
556,842301,20150207,32.36755,5.61092,2,0.513464451,0.584900389
557,842301,20150207,21.07451,5.61516,2,0.837275088,0.704392664
558,842301,20150207,24.08004,6.69391,2,0.963495255,0.691340449
559,842301,20150218,24.12874,83.53866,2,0.303460598,0.54174788
560,842301,20150218,21.57737,89.69062,2,0.548991859,0.474877472
561,842301,20150218,21.01909,87.2683,2,0.55780977,0.654184103
562,842301,20150218,34.30307,87.22468,2,0.527811646,0.54683191
563,842301,20150218,32.6869,87.61619,2,0.687681794,0.669940049
564,842301,20150218,36.14899,86.61643,2,0.549061894,0.480261399
565,842301,20150218,22.92549,5.37829,2,0.550136089,0.536754766
566,842301,20150218,29.78983,6.05371,2,0.557123661,0.645493595
567,842301,20150218,22.63221,4.6002,2,0.554798305,0.584961042
568,842301,20150218,26.71429,4.90112,2,0.383192539,0.474770648
569,842301,20150218,26.47496,6.90111,2,0.701424658,0.648009478
570,842301,20150228,29.95389,85.96271,2,0.525838077,0.661287622
571,842301,20150228,24.90673,78.74214,2,0.552114129,0.662834889
572,842301,20150228,27.69205,86.60284,2,0.558514297,0.708057601
573,842301,20150228,21.18353,85.56774,2,0.832481027,0.663302218
574,842301,20150228,24.93232,89.79248,2,0.552393138,0.544705418
575,842301,20150228,21.07277,86.24458,2,0.547672212,0.479641607
576,842301,20150228,26.20054,87.52213,2,0.885970235,0.660421226
577,842301,20150228,17.66093,8.92588,2,0.55684489,0.60654907
578,842301,20150228,21.12976,5.70348,2,0.478903949,0.5
579,842301,20150228,22.43201,7.19595,2,0.901295841,0.688626146
580,842301,20150304,27.44127,87.79092,2,0.55628854,0.672797208
581,842301,20150304,27.01674,88.01645,2,0.821812212,0.673831723
582,842301,20150312,23.52879,6.54118,2,0.554730415,0.65474347
583,842301,20150312,25.43741,4.82883,2,0.82006979,0.679367274
584,842301,20150312,29.18872,6.63182,2,0.787169933,0.698951366
585,842301,20150312,14.9388,87.47505,2,0.357249796,0.397780221
586,842301,20150312,33.99942,86.19946,2,0.556988895,0.667209539
587,842301,20150312,26.39659,89.04945,2,0.55164814,0.564310048
588,842301,20150312,21.48942,89.50068,2,0.548193574,0.601616634
589,842301,20150312,24.91938,80.33406,2,0.548079967,0.621038003
590,842301,20150313,29.37976,6.21894,2,0.564020157,0.606070499
591,842301,20150313,25.8922,5.82347,2,0.835918307,0.6834411
592,842301,20150313,14.70151,7.21663,2,0.474390686,0.537296263
593,842301,20150313,21.75865,8.77828,2,0.551218033,0.521921111
594,842301,20150313,16.67188,4.19986,2,0.549499273,0.529575422
595,842301,20150313,14.79065,5.45433,2,0.448693663,0.617958662
596,842301,20150313,24.3112,9.27974,2,0.553943813,0.721578188
597,842301,20150313,26.42175,6.44367,2,0.546520829,0.456661678
598,842301,20150313,25.91846,6.95081,2,0.962683022,0.709601978
599,842301,20150313,30.02858,5.72713,2,0.54719013,0.473640135
600,842301,20150313,28.49315,3.53132,2,0.55363512,0.680758491
601,842301,20150313,26.08354,88.14582,2,0.805409789,0.662326746
602,842301,20150313,23.59538,89.60208,2,0.844005764,0.645826079
603,842301,20150313,28.25234,86.98175,2,0.574879766,0.655735397
604,842301,20150313,34.66963,86.905,2,0.314417183,0.393634768
605,842301,20150313,19.86946,90.10404,2,0.549189687,0.616312784
606,842301,20150313,23.78745,82.81995,2,0.617188334,0.604651718
607,842301,20150313,19.85692,89.07487,2,0.550171494,0.581936036
608,842301,20150320,23.15141,86.19584,2,0.791291416,0.661746403
609,842301,20150320,25.2776,88.2674,2,0.937842786,0.663154636
610,842301,20150320,27.09997,88.24218,2,0.52081579,0.662068995
611,842301,20150320,28.28505,86.80565,2,0.809953272,0.640563725
612,842301,20150320,27.11535,5.58241,2,0.866972208,0.727158265
613,842301,20150320,21.01379,7.27506,2,0.594446898,0.661139867
614,842301,20150320,25.21642,8.5374,2,0.952916086,0.681734059
615,842301,20150320,23.40899,7.78219,2,0.869009614,0.65374139
616,842301,20150320,23.53341,6.43664,2,0.589803219,0.466105178
617,842301,20150320,21.04987,7.70525,2,0.735066235,0.734297516
618,842301,20150320,23.16158,5.58005,2,0.481854707,0.626052684
619,842301,20150322,21.41283,79.75115,2,0.543399453,0.635234984
620,842301,20150322,21.88597,83.91253,2,0.548825204,0.620934393
621,842301,20150322,33.05969,86.45865,2,0.549070776,0.489577026
622,842301,20150322,18.51184,77.64546,2,0.546250045,0.572155805
623,842301,20150322,19.72053,86.23887,2,0.55329597,0.582344847
624,842301,20150322,31.62193,86.42297,2,0.821242213,0.714450077
625,842301,20150322,34.45575,87.02792,2,0.559455454,0.62836447
626,842301,20150322,25.30978,83.78657,2,0.791721046,0.658660726
627,842301,20150322,26.96091,86.4141,2,0.81059289,0.713324534
628,842301,20150322,23.1206,81.36444,2,0.516219079,0.593095498
629,842301,20150322,27.00869,85.69043,2,0.996692777,0.709197781
630,842301,20150322,19.19153,90.49529,2,0.548560083,0.625306769
631,842301,20150322,17.76211,7.1757,2,0.54782182,0.446318319
632,842301,20150322,27.47776,11.11624,2,0.552399099,0.64841011
633,842301,20150322,27.27543,4.70926,2,0.788967013,0.706129711
634,842301,20150322,22.35479,6.767,2,0.547932744,0.656581227
635,696290,20141114,30.48544,88.97325,2,0.548879027,0.52875799
636,696290,20141114,27.34222,85.84578,2,0.982465208,0.661306347
637,696290,20141114,21.67493,5.90442,2,0.476826698,0.607303327
638,696290,20141114,22.60221,4.77902,2,0.545272112,0.662035
639,696290,20141115,26.16727,79.30271,2,0.553341389,0.317489569
640,696290,20141115,20.44407,74.69105,2,0.551104665,0.624953385
641,696290,20141115,25.10222,90.19021,2,0.512415171,0.524938151
642,696290,20141115,27.16881,81.35646,2,0.551735878,0.561247385
643,696290,20141115,27.66879,88.88264,2,0.690330982,0.622190401
644,696290,20141115,22.39654,4.49555,2,0.566149354,0.622475999
645,696290,20141115,23.94974,20.0938,2,0.368347704,0.476717841
646,696290,20141115,20.46912,7.66163,2,0.557647049,0.539530105
647,696290,20141118,28.68506,88.687,2,0.556638241,0.6159761
648,696290,20141118,27.6335,86.50722,2,0.998758197,0.659806491
649,696290,20141118,26.421,8.38662,2,0.54435271,0.519333135
650,696290,20141121,26.9241,5.7513,2,0.552038491,0.476028858
651,696290,20141121,25.25379,19.59728,2,0.630175173,0.67504532
652,696290,20141121,25.38468,6.86973,2,0.765686512,0.61969061
653,696290,20141121,26.02941,4.47669,2,0.549413025,0.444307224
654,696290,20141121,23.35344,87.36406,2,0.91740036,0.650621878
655,696290,20141122,24.17125,4.57385,2,0.50730145,0.650483347
656,696290,20141122,21.8468,22.73864,2,0.525001168,0.401086523
657,696290,20141122,30.18719,28.80129,3,0.551262319,0.593227074
658,696290,20141122,26.59884,3.09131,2,0.328684032,0.469113475
659,696290,20141122,26.59322,4.33204,2,0.551263869,0.610199741
660,696290,20141122,26.68065,80.20591,2,0.554649472,0.476823748
661,696290,20141126,25.66783,88.42335,2,0.166984528,0.575194571
662,696290,20141126,27.90254,85.45574,2,0.252954453,0.640461905
663,696290,20141126,25.82849,88.33452,2,0.55103755,0.590678578
664,696290,20141126,28.27799,87.22196,2,0.844432294,0.658027886
665,696290,20141126,25.63316,86.12311,2,0.78940022,0.647702002
666,696290,20141126,22.4374,89.42226,2,0.860002398,0.661593771
667,696290,20141126,20.44137,7.43921,2,0.755865693,0.720803766
668,696290,20141126,23.42584,6.69826,2,0.979952753,0.749956971
669,696290,20141130,21.48961,87.77463,2,0.923319221,0.646217051
670,696290,20141130,17.75637,8.2738,2,0.940007687,0.664173878
671,696290,20141130,8.51585,4.52979,2,0.156111494,0.430987081
672,696290,20141215,24.63191,84.04861,2,0.546572626,0.5
673,696290,20141215,23.55758,87.90508,2,0.903384686,0.67858366
674,696290,20141215,24.42139,88.965,2,0.578675747,0.654049559
675,696290,20141215,21.44459,6.15781,2,0.547505379,0.603143063
676,696290,20141215,20.20824,4.81966,2,0.547898173,0.466357045
677,696290,20141215,27.19753,5.36924,2,0.694475949,0.694782617
678,696290,20141215,28.92447,5.37824,2,0.774529278,0.700989643
679,696290,20141229,26.00707,88.50829,2,0.561568797,0.675885761
680,696290,20141229,23.41344,4.96515,2,0.565805733,0.592903903
681,696290,20141231,8.0212,88.56147,2,0.395297855,0.438423344
682,696290,20141231,22.62597,88.87385,2,0.552318752,0.58626153
683,696290,20141231,22.11491,7.47368,2,0.969038546,0.723363573
684,696290,20141231,28.99692,6.0008,2,0.546085775,0.561943268
685,696290,20141231,23.35626,10.75335,2,0.642241597,0.645463876
686,696290,20141231,26.32193,5.45136,2,0.938846052,0.706610283
687,696290,20150103,24.56497,5.5849,2,0.557317257,0.730478595
688,696290,20150103,28.73827,5.49816,2,0.548807859,0.588094295
689,696290,20150113,27.18919,85.46238,2,0.394978583,0.664207769
690,696290,20150113,25.16524,85.44251,2,0.557088971,0.659239227
691,696290,20150113,27.54201,87.53085,2,0.550959647,0.5
692,696290,20150113,29.60901,87.31836,2,0.867649674,0.592935209
693,696290,20150113,21.64898,6.13834,2,0.822260261,0.733874206
694,696290,20150113,25.05901,5.73812,2,0.546037138,0.669782505
695,696290,20150113,24.51732,5.84966,2,0.965656161,0.743153621
696,696290,20150113,29.45866,6.91747,2,0.584093988,0.5
697,696290,20150113,22.8774,10.60715,2,0.551602364,0.5
698,696290,20150119,21.78265,88.61149,2,0.268790513,0.628845174
699,696290,20150119,25.3881,88.73675,2,0.955060542,0.686078979
700,696290,20150119,29.74259,89.3546,2,0.54927963,0.449933531
701,696290,20150119,24.2423,89.37526,2,0.548741698,0.483289761
702,696290,20150119,30.69738,88.24355,2,0.8970384,0.5
703,696290,20150119,25.15462,5.71644,2,0.552882552,0.546509183
704,696290,20150204,25.5768,82.83699,2,0.553046823,0.541885224
705,696290,20150204,24.62044,85.48823,2,0.544657111,0.560352079
706,696290,20150204,24.27087,85.56042,2,0.660954237,0.509204194
707,696290,20150204,28.97145,88.50727,2,0.548975468,0.447276199
708,696290,20150207,24.73617,89.61199,2,0.556101978,0.431687141
709,696290,20150207,27.96094,87.33155,2,0.84098649,0.688244247
710,696290,20150207,22.10029,7.51179,2,0.555653691,0.568626857
711,696290,20150218,31.07383,88.74738,2,0.549221277,0.524681107
712,696290,20150218,23.41979,79.29345,2,0.617398143,0.628384701
713,696290,20150218,18.22298,86.40723,2,0.47245571,0.526476215
714,696290,20150218,27.36996,84.34731,2,0.554535568,0.586016592
715,696290,20150218,23.89381,5.20884,2,0.664070964,0.65256827
716,696290,20150218,25.04809,6.50504,2,0.818987012,0.662436047
717,696290,20150218,27.76378,2.55673,2,0.549549878,0.471566381
718,696290,20150221,21.6805,87.28208,2,0.34037745,0.645567823
719,696290,20150221,25.05285,4.97039,2,0.570525408,0.490104914
720,696290,20150228,24.15602,87.45764,2,0.952816427,0.664238439
721,696290,20150228,25.09118,87.76763,2,0.221220061,0.587863239
722,696290,20150304,23.59771,88.19734,2,0.527116299,0.694340648
723,696290,20150304,25.91938,4.90515,2,0.761170328,0.570625434
724,696290,20150313,23.22268,88.67004,2,0.32195726,0.604514235
725,696290,20150320,27.76307,88.18032,2,0.550547004,0.645859855
726,696290,20150320,26.53995,87.27523,2,0.126078516,0.388212507
727,696290,20150320,21.50668,86.82287,2,0.551905513,0.61360453
728,696290,20150320,20.13567,6.84724,2,0.576575518,0.660939895
729,696290,20150320,23.10003,7.88669,2,0.99875176,0.662170921
730,696290,20150320,23.83895,2.50028,2,0.5470258,0.493779167
731,601140,20141114,44.82654,78.4345,3,0.276643425,0.385298842
732,601140,20141114,13.9747,70.3729,3,0.446268588,0.394148071
733,601140,20141114,47.57726,82.49673,3,0.227072164,0.430342471
734,601140,20141114,20.39742,87.11513,2,0.697588384,0.591782152
735,601140,20141114,3.76419,89.03009,3,0.286997318,0.478663156
736,601140,20141114,46.30547,90.41485,3,0.641479015,0.475526601
737,601140,20141114,46.32208,91.02968,3,0.579923332,0.415655602
738,601140,20141114,45.76977,6.79077,3,0.227237791,0.409827023
739,601140,20141114,45.42663,13.54949,3,0.2718952,0.452373468
740,601140,20141114,28.29812,25.77607,3,0.516952276,0.417564111
741,601140,20141114,46.70404,3.75207,3,0.434541643,0.424397234
742,601140,20141115,35.67561,69.45313,3,0.550222158,0.419974371
743,601140,20141115,10.73931,69.66295,3,0.451865226,0.418989044
744,601140,20141115,28.31503,88.5442,2,0.5412727,0.622210802
745,601140,20141115,19.09902,87.478,2,0.067804269,0.393630963
746,601140,20141115,26.36179,78.19486,2,0.557258308,0.552789247
747,601140,20141115,3.92656,5.2968,3,0.676829696,0.413557391
748,601140,20141115,11.86274,25.26459,3,0.52539742,0.439895238
749,601140,20141115,40.85332,10.69218,2,0.666061103,0.573230231
750,601140,20141115,19.37494,5.77459,2,0.399823993,0.491988127
751,601140,20141118,24.14285,83.1012,2,0.5627473,0.5
752,601140,20141118,24.83544,67.45547,3,0.254810542,0.392214854
753,601140,20141118,44.61263,75.62698,3,0.434879631,0.626179175
754,601140,20141118,3.51279,87.6925,3,0.300786585,0.418748597
755,601140,20141118,20.46611,9.16715,2,0.293549329,0.391382611
756,601140,20141118,33.27637,21.77072,2,0.618594348,0.482707886
757,601140,20141118,29.03099,27.7085,3,0.456192523,0.420087105
758,601140,20141118,23.75238,4.96278,2,0.889324665,0.648625926
759,601140,20141118,23.57713,6.96343,2,0.955389917,0.753907993
760,601140,20141118,24.91719,11.65102,2,0.557719231,0.533136461
761,601140,20141118,24.18766,5.9413,2,0.978004992,0.688822454
762,601140,20141118,23.29414,4.0606,2,0.359580725,0.478047829
763,601140,20141121,8.47356,22.05355,3,0.376179039,0.468649015
764,601140,20141121,23.93041,9.49942,2,0.330438107,0.533857079
765,601140,20141121,21.8978,4.30332,2,0.939953566,0.654184066
766,601140,20141121,26.41367,26.81056,3,0.545646727,0.394303092
767,601140,20141121,4.69228,11.76598,3,0.413589537,0.488639879
768,601140,20141121,36.6174,68.70673,3,0.342577934,0.393608298
769,601140,20141121,17.7987,65.0468,3,0.309938937,0.416475543
770,601140,20141121,42.24824,73.78903,3,0.344823211,0.354923856
771,601140,20141121,27.3484,68.13645,2,0.404164761,0.408948176
772,601140,20141121,3.85329,89.69034,3,0.600221217,0.455520743
773,601140,20141121,27.1855,71.58086,2,0.085890479,0.476745376
774,601140,20141121,30.23447,87.08534,2,0.862500489,0.591974872
775,601140,20141122,9.67343,24.21857,3,0.522054434,0.432544776
776,601140,20141122,44.33025,13.67378,3,0.078096882,0.480594532
777,601140,20141122,20.50258,28.49113,3,0.231512561,0.367625487
778,601140,20141122,42.6076,22.71791,3,0.669314981,0.514115589
779,601140,20141122,30.80681,27.10248,3,0.471950024,0.403108551
780,601140,20141122,3.404,7.95124,3,0.229725763,0.421665817
781,601140,20141122,9.36281,81.93298,2,0.719546795,0.469489689
782,601140,20141122,12.89689,71.31819,3,0.306469321,0.372717931
783,601140,20141122,45.47076,83.01518,3,0.459176898,0.645896192
784,601140,20141122,3.90318,87.59472,3,0.553092003,0.390830814
785,601140,20141122,27.9158,87.91429,2,0.748063147,0.638157546
786,601140,20141122,27.60564,86.31189,2,0.164533094,0.477561679
787,601140,20141126,40.29465,73.66684,3,0.062934577,0.344734797
788,601140,20141126,25.96312,89.11927,2,0.675139487,0.709133751
789,601140,20141126,42.39799,72.2697,3,0.34639436,0.400930014
790,601140,20141126,36.16474,70.64411,3,0.324606478,0.376900932
791,601140,20141126,11.98861,72.36419,3,0.537085593,0.420410253
792,601140,20141126,3.4677,7.4554,3,0.572890937,0.389279685
793,601140,20141126,22.79713,29.33089,3,0.228153482,0.348705976
794,601140,20141126,4.91883,11.73459,3,0.519269109,0.420568918
795,601140,20141126,22.01955,25.95029,3,0.356101066,0.386449409
796,601140,20141126,30.84528,25.98218,3,0.407746255,0.39472683
797,601140,20141130,44.3016,76.01418,3,0.193861902,0.380983616
798,601140,20141130,25.79107,87.76381,2,0.753978908,0.60319495
799,601140,20141130,27.31195,86.83674,2,0.558157325,0.472602564
800,601140,20141130,45.32816,77.904,3,0.346111029,0.418292057
801,601140,20141130,27.16525,87.79138,2,0.846575618,0.682643146
802,601140,20141130,24.69111,66.35556,3,0.579800427,0.451375188
803,601140,20141130,24.68968,75.55869,2,0.268470883,0.418263509
804,601140,20141130,31.12725,14.37425,2,0.540538847,0.506705123
805,601140,20141130,22.52882,8.0606,2,0.557347476,0.45350058
806,601140,20141130,22.81893,4.59035,2,0.869691908,0.65747012
807,601140,20141130,42.70108,17.18088,3,0.305688113,0.460291202
808,601140,20141130,4.26285,6.99146,3,0.596098721,0.384193628
809,601140,20141215,14.83813,89.04466,2,0.121448718,0.48160704
810,601140,20141215,33.32826,87.39458,2,0.557029545,0.479027665
811,601140,20141215,3.44917,88.13256,3,0.331796855,0.451240086
812,601140,20141215,21.87068,67.25335,3,0.38789174,0.393578992
813,601140,20141215,26.07843,84.8685,2,0.554708064,0.622108234
814,601140,20141215,2.75877,9.58349,3,0.348556846,0.391348275
815,601140,20141215,6.30222,15.10688,3,0.383667409,0.416813126
816,601140,20141215,40.79118,19.86754,3,0.331939518,0.415697621
817,601140,20141215,4.20572,3.45806,3,0.146962449,0.398954579
818,601140,20141229,5.22568,80.43681,3,0.624434888,0.555401225
819,601140,20141229,46.81241,87.74925,3,0.373919666,0.569835078
820,601140,20141229,23.26278,90.15937,2,0.610078394,0.573075564
821,601140,20141229,41.47185,77.27612,2,0.547460973,0.350381399
822,601140,20141229,30.57651,86.50053,2,0.433784038,0.5
823,601140,20141229,45.28993,79.96233,3,0.367896527,0.374799387
824,601140,20141229,25.1234,4.77391,2,0.151502877,0.402593575
825,601140,20141229,3.06701,5.0322,3,0.816360831,0.482257855
826,601140,20141229,39.05783,23.68453,3,0.370048672,0.361482024
827,601140,20141229,29.63871,17.00238,2,0.824869037,0.513614222
828,601140,20141229,22.4876,26.41198,3,0.190526679,0.398161902
829,601140,20141229,19.0099,10.37927,2,0.727694273,0.65576351
830,601140,20141231,43.80153,76.79057,3,0.493997961,0.605984633
831,601140,20141231,45.21917,78.52696,3,0.298438966,0.409352738
832,601140,20141231,21.11368,66.61804,3,0.546051621,0.470424376
833,601140,20141231,3.98947,11.6656,3,0.416913271,0.657939804
834,601140,20141231,44.58005,17.66752,3,0.201314807,0.428845185
835,601140,20141231,20.26727,5.69251,2,0.625330448,0.65956324
836,601140,20141231,27.41116,7.45411,2,0.909383595,0.65299788
837,601140,20141231,25.24454,27.72365,3,0.162679017,0.482707531
838,601140,20150103,29.23871,80.76137,2,0.551550329,0.491614457
839,601140,20150103,46.86607,90.77513,3,0.546959281,0.428551559
840,601140,20150103,22.39636,79.11749,2,0.498365849,0.523877776
841,601140,20150103,19.36559,71.04416,2,0.549141884,0.443850529
842,601140,20150103,46.29241,91.11997,3,0.362801999,0.369072632
843,601140,20150103,46.143,84.84791,3,0.184520304,0.424030887
844,601140,20150103,22.05053,7.25954,2,0.957134783,0.691368784
845,601140,20150103,3.35277,6.09133,3,0.202311799,0.382448845
846,601140,20150103,3.28556,2.7978,3,0.397488922,0.385747224
847,601140,20150103,15.15351,9.15518,2,0.544524908,0.489708426
848,601140,20150103,27.57454,25.58748,2,0.438385189,0.387251987
849,601140,20150103,4.52655,13.14073,3,0.437461674,0.437328948
850,601140,20150103,3.83491,5.48194,3,0.240765989,0.431633907
851,601140,20150103,3.38433,4.24156,3,0.40697971,0.514000598
852,601140,20150113,25.58313,65.63052,3,0.389975488,0.374148201
853,601140,20150113,46.57459,86.59336,3,0.263630807,0.38630203
854,601140,20150113,17.55444,84.80715,2,0.557727098,0.46416966
855,601140,20150113,25.3874,89.44673,2,0.552495837,0.615280799
856,601140,20150113,34.17282,84.91519,2,0.560038984,0.472500433
857,601140,20150113,3.76157,4.35987,3,0.29938212,0.385651557
858,601140,20150113,10.31692,24.59023,3,0.220541447,0.368150381
859,601140,20150113,24.2462,7.25477,2,0.510870516,0.600747057
860,601140,20150113,24.43286,26.43103,3,0.436918169,0.423550374
861,601140,20150113,5.93196,19.933,3,0.311944395,0.41779644
862,601140,20150113,5.03513,11.72652,3,0.579955399,0.547147212
863,601140,20150113,18.46747,7.06253,2,0.509279072,0.539036068
864,601140,20150113,23.19422,6.63974,2,0.97133261,0.663199599
865,601140,20150119,45.66492,80.29385,3,0.350203633,0.435452498
866,601140,20150119,46.18889,77.85149,3,0.459224463,0.460740761
867,601140,20150119,24.86553,76.84785,2,0.551146269,0.656432301
868,601140,20150119,13.65185,69.07867,3,0.276103586,0.394338574
869,601140,20150119,46.12129,83.37486,3,0.495054334,0.423873887
870,601140,20150119,16.33986,63.00182,3,0.271581858,0.435050946
871,601140,20150119,46.6755,3.25447,3,0.212866828,0.403984934
872,601140,20150119,47.42238,10.74475,3,0.543614388,0.580519439
873,601140,20150119,46.10075,3.61985,3,0.219887823,0.482092683
874,601140,20150119,22.19145,7.61515,2,0.554272473,0.560398515
875,601140,20150204,6.26484,74.97527,3,0.392448395,0.386490363
876,601140,20150204,25.36532,68.24728,2,0.19028914,0.487210111
877,601140,20150204,45.82306,83.44257,3,0.422100246,0.420707076
878,601140,20150204,27.44051,88.09232,2,0.412954569,0.372936659
879,601140,20150204,46.24139,15.41863,3,0.555651605,0.385104557
880,601140,20150204,28.10644,7.42216,2,0.915344894,0.60016889
881,601140,20150204,45.77219,3.02892,3,0.572104394,0.50677891
882,601140,20150204,27.97996,28.44285,3,0.435512394,0.394783364
883,601140,20150204,24.62129,4.55257,2,0.684943199,0.689639777
884,601140,20150204,6.36868,23.17191,3,0.197000235,0.393356733
885,601140,20150204,26.85013,6.01658,2,0.95172447,0.652207876
886,601140,20150204,25.15354,7.53703,2,0.832797468,0.655345637
887,601140,20150204,22.15606,9.75384,2,0.504485011,0.655629711
888,601140,20150204,16.57084,24.36884,3,0.487158746,0.403505153
889,601140,20150207,4.09313,91.50149,3,0.415626943,0.468054141
890,601140,20150207,46.52021,87.79683,3,0.513850331,0.438897416
891,601140,20150207,30.76801,79.73404,2,0.382225186,0.45087713
892,601140,20150207,20.11549,5.90995,2,0.882366419,0.601752715
893,601140,20150207,46.6964,13.09876,3,0.423469663,0.386649704
894,601140,20150207,23.85219,7.15222,2,0.206748113,0.596177141
895,601140,20150207,17.87655,10.73735,2,0.461761117,0.423421556
896,601140,20150207,19.54361,10.18085,2,0.669360697,0.681939496
897,601140,20150218,46.03693,90.26483,3,0.404760122,0.661432578
898,601140,20150218,39.74212,70.09858,3,0.202434406,0.386378634
899,601140,20150218,43.37536,77.82174,3,0.622850955,0.665701678
900,601140,20150218,43.10193,74.09823,3,0.599932611,0.45312093
901,601140,20150218,46.34445,89.47827,3,0.460868031,0.382133292
902,601140,20150218,32.57334,89.00696,2,0.822835088,0.560131064
903,601140,20150218,33.61496,67.13472,3,0.19935286,0.407676479
904,601140,20150218,3.32292,89.62694,3,0.478989214,0.485215376
905,601140,20150218,26.68038,86.76369,2,0.450874656,0.525807643
906,601140,20150218,16.68352,9.68774,2,0.554211676,0.562640547
907,601140,20150218,6.3515,19.52693,3,0.20169057,0.461546209
908,601140,20150218,26.1753,11.13516,2,0.552790821,0.58864456
909,601140,20150218,2.93544,4.42903,3,0.9988783,0.581556573
910,601140,20150218,21.30253,6.28688,2,0.59707725,0.453360709
911,601140,20150218,19.60472,6.44844,2,0.810323179,0.661723173
912,601140,20150221,27.02377,77.02238,2,0.555187821,0.376265875
913,601140,20150221,33.38483,75.22407,2,0.555075407,0.529570067
914,601140,20150221,32.17825,87.85337,2,0.860578895,0.743439552
915,601140,20150221,40.27668,67.99752,3,0.251878887,0.388608884
916,601140,20150221,29.28411,87.85129,2,0.584406674,0.64374244
917,601140,20150221,22.15375,77.59357,2,0.551647484,0.512843041
918,601140,20150221,24.79318,85.42366,2,0.893595278,0.723548509
919,601140,20150221,23.07386,80.94801,2,0.4785707,0.478449279
920,601140,20150221,46.61161,87.45147,3,0.301862746,0.363403307
921,601140,20150221,32.32075,90.5168,2,0.927770853,0.645238501
922,601140,20150221,3.24683,12.80064,3,0.682610691,0.465810849
923,601140,20150221,4.16456,3.22724,3,0.237888828,0.407624329
924,601140,20150221,43.38629,15.4806,3,0.758412659,0.469840684
925,601140,20150221,46.40018,4.86016,3,0.425899595,0.420115753
926,601140,20150221,25.88993,8.55889,2,0.741357088,0.678720138
927,601140,20150221,25.61801,9.1575,2,0.988054335,0.675450446
928,601140,20150221,46.48612,7.17779,3,0.621226311,0.54327782
929,601140,20150221,20.66135,7.64082,2,0.429493159,0.648550099
930,601140,20150228,26.97683,88.86298,2,0.998005569,0.599558312
931,601140,20150228,27.09249,77.75066,2,0.506273866,0.477262341
932,601140,20150228,44.86665,77.06789,3,0.250341326,0.394125381
933,601140,20150228,47.19869,91.02322,3,0.358467966,0.513304427
934,601140,20150228,46.31495,91.68329,3,0.370856196,0.446425308
935,601140,20150228,29.19424,26.19528,3,0.122693419,0.407152096
936,601140,20150228,36.90745,26.6041,3,0.416120529,0.355658646
937,601140,20150228,4.02983,3.38312,3,0.079149589,0.386226249
938,601140,20150228,24.93644,15.56583,2,0.553617597,0.539858284
939,601140,20150228,26.45588,4.98139,2,0.787297308,0.652682231
940,601140,20150228,3.35779,3.6791,3,0.380570173,0.371237685
941,601140,20150228,3.03504,5.25423,3,0.567369282,0.39368043
942,601140,20150228,27.78858,5.69774,2,0.987252653,0.718844651
943,601140,20150228,33.0934,13.09251,2,0.091099061,0.483453176
944,601140,20150304,3.5834,89.53866,3,0.536720753,0.447939551
945,601140,20150304,22.38388,78.47672,2,0.147439703,0.478595517
946,601140,20150304,45.33555,88.76659,2,0.348903656,0.5
947,601140,20150304,25.02079,85.48451,2,0.086939514,0.377643941
948,601140,20150304,3.25624,89.35283,3,0.319226146,0.568088156
949,601140,20150304,3.73863,90.93685,3,0.787899315,0.538942704
950,601140,20150304,4.04343,91.01856,3,0.382635593,0.478470471
951,601140,20150304,15.28301,82.78132,2,0.552299976,0.579156898
952,601140,20150304,29.57331,6.2329,2,0.549733877,0.683804084
953,601140,20150304,3.60973,6.74834,3,0.589590609,0.468508095
954,601140,20150304,4.48526,13.51418,3,0.762234449,0.578184483
955,601140,20150304,24.01522,2.42498,2,0.400458068,0.540881329
956,601140,20150312,26.54374,2.27466,2,0.847826719,0.5
957,601140,20150312,2.47972,4.29802,3,0.775466859,0.521084072
958,601140,20150312,18.65726,13.49472,2,0.107959338,0.341734016
959,601140,20150312,45.89277,5.05312,3,0.546659768,0.554302172
960,601140,20150312,22.12128,87.75096,2,0.768834174,0.618743651
961,601140,20150312,26.36175,68.62074,2,0.550561011,0.419166101
962,601140,20150312,33.76973,82.25566,2,0.376687914,0.461590443
963,601140,20150313,19.53058,7.87531,2,0.55287981,0.380869968
964,601140,20150313,34.98688,5.91476,2,0.697788715,0.543090268
965,601140,20150313,30.30939,6.77868,2,0.252598822,0.455011664
966,601140,20150313,22.33946,18.21706,2,0.721064925,0.531884986
967,601140,20150313,3.32155,3.58778,3,0.208420828,0.47600273
968,601140,20150313,23.11411,30.93732,3,0.304562837,0.406159608
969,601140,20150313,9.14639,72.68663,3,0.026247317,0.387791366
970,601140,20150313,42.03055,76.52611,3,0.034432121,0.389907665
971,601140,20150313,46.76004,90.66883,3,0.292373687,0.385640095
972,601140,20150313,4.61813,89.0274,2,0.68864125,0.5
973,601140,20150313,46.51417,90.37235,3,0.338674158,0.386968689
974,601140,20150313,43.06301,78.02299,3,0.41918543,0.542434449
975,601140,20150320,43.5157,76.8025,3,0.544391215,0.430729901
976,601140,20150320,46.69928,90.74896,3,0.334090501,0.447827741
977,601140,20150320,4.99025,73.82238,3,0.53497988,0.5
978,601140,20150320,41.52985,75.7375,3,0.274590969,0.361445542
979,601140,20150320,27.75352,88.42354,2,0.595193744,0.684979063
980,601140,20150320,15.05201,68.1735,3,0.351203054,0.410244425
981,601140,20150320,46.21159,90.26106,3,0.318455994,0.316437758
982,601140,20150320,27.43817,90.52784,2,0.913325191,0.660781443
983,601140,20150320,3.53456,6.49712,3,0.127519459,0.37252712
984,601140,20150320,4.053,5.93121,3,0.152799293,0.395956041
985,601140,20150320,3.78275,2.95051,3,0.767165244,0.472461349
986,601140,20150320,39.03105,22.11729,3,0.200363278,0.540523142
987,601140,20150322,43.06978,74.16783,3,0.251822144,0.522870439
988,601140,20150322,3.28851,89.93371,3,0.334068179,0.488607989
989,601140,20150322,26.65819,86.9996,2,0.999440849,0.69484651
990,601140,20150322,27.35692,88.19005,2,0.541399777,0.5
991,601140,20150322,25.15425,84.63061,2,0.565110803,0.570489696
992,601140,20150322,45.41697,87.187,2,0.348044604,0.602088212
993,601140,20150322,33.27651,67.73793,3,0.270691216,0.379363899
994,601140,20150322,26.64435,30.69778,3,0.397429466,0.432159924
995,601140,20150322,18.99516,22.82454,2,0.215735003,0.392904888
996,601140,20150322,4.26331,8.25479,3,0.388989031,0.522826371
997,601140,20150322,22.96025,5.42819,2,0.948067784,0.662199232
998,601140,20150322,22.38754,6.87817,2,0.185310304,0.57277545
999,601140,20150322,3.31815,2.34817,3,0.231568083,0.5
1000,756883,20141114,22.02929,66.48335,3,0.542549849,0.46641307
1001,756883,20141114,25.12677,66.05107,3,0.52598232,0.532692002
1002,756883,20141114,21.6443,82.41151,2,0.344798326,0.456982914
1003,756883,20141114,22.92776,13.19863,2,0.254832625,0.417765523
1004,756883,20141115,3.27953,4.52949,3,0.636293948,0.413591293
1005,756883,20141115,22.28481,27.20861,3,0.347908884,0.416988518
1006,756883,20141115,17.55738,8.94097,2,0.561073422,0.572662983
1007,756883,20141115,24.45127,7.31909,2,0.967663169,0.756922629
1008,756883,20141118,21.41734,89.03705,2,0.549387455,0.648921832
1009,756883,20141118,47.13094,87.65821,3,0.690516651,0.385993438
1010,756883,20141118,24.43169,70.67746,2,0.122996792,0.341508166
1011,756883,20141118,2.93528,4.43526,3,0.115758769,0.385885716
1012,756883,20141121,44.2236,14.8334,3,0.350456506,0.470710059
1013,756883,20141121,8.56347,19.43609,3,0.502475977,0.389627905
1014,756883,20141121,8.81552,74.42485,3,0.550806999,0.607381546
1015,756883,20141122,18.95674,7.01675,2,0.222434223,0.486744398
1016,756883,20141122,45.92165,7.03824,3,0.546516776,0.39942459
1017,756883,20141122,3.28599,5.96151,3,0.379055142,0.384880281
1018,756883,20141122,26.83219,4.35558,2,0.619874716,0.625606111
1019,756883,20141122,21.97861,88.69393,2,0.437908143,0.571927157
1020,756883,20141122,47.21641,89.66078,3,0.371652871,0.378655309
1021,756883,20141122,29.66466,87.70431,2,0.08530394,0.435230582
1022,756883,20141126,46.95477,89.81717,3,0.707695603,0.542216486
1023,756883,20141126,2.76877,86.14662,3,0.688625693,0.547793926
1024,756883,20141126,21.72799,66.87657,3,0.554966569,0.598337494
1025,756883,20141126,3.02026,8.17448,3,0.336473495,0.443247716
1026,756883,20141126,47.79678,4.11367,3,0.241688773,0.418327373
1027,756883,20141130,46.98386,89.26743,3,0.367548615,0.461708503
1028,756883,20141130,22.62476,89.04634,2,0.918451011,0.655115596
1029,756883,20141130,22.02895,7.5453,2,0.059283286,0.494357915
1030,756883,20141215,8.83903,75.63591,3,0.394541621,0.437990947
1031,756883,20141215,2.62975,89.41943,3,0.472037971,0.448485089
1032,756883,20141215,2.46398,89.15237,3,0.486533761,0.434999865
1033,756883,20141215,22.41306,86.98448,2,0.530982912,0.680243447
1034,756883,20141215,2.43594,7.83228,3,0.756282628,0.546433804
1035,756883,20141215,2.57567,6.33422,3,0.147332922,0.432623312
1036,756883,20141229,23.45929,88.87703,2,0.999766886,0.627806168
1037,756883,20141229,9.24014,20.41051,3,0.551319659,0.403577535
1038,756883,20141229,25.1994,13.70223,2,0.350837827,0.582140416
1039,756883,20141229,26.47262,8.14038,2,0.421891421,0.461090851
1040,756883,20141231,28.40921,86.77199,2,0.552614748,0.609883448
1041,756883,20141231,22.44726,87.48503,2,0.790073454,0.707709953
1042,756883,20141231,46.50687,4.3542,3,0.602414668,0.386487875
1043,756883,20141231,25.50901,5.97829,2,0.547881007,0.50510456
1044,756883,20150103,27.58616,87.09843,2,0.50762248,0.581513345
1045,756883,20150103,24.21361,91.07448,2,0.553966939,0.485240944
1046,756883,20150103,16.21621,67.86953,3,0.458177149,0.370422405
1047,756883,20150103,38.37483,63.4644,3,0.39599815,0.386124051
1048,756883,20150103,46.77944,5.98295,3,0.735393226,0.518066068
1049,756883,20150103,3.03859,5.31173,3,0.676203549,0.419297226
1050,756883,20150103,26.58442,7.21515,2,0.682526231,0.557670116
1051,756883,20150119,20.24653,69.38922,2,0.54646045,0.408149793
1052,756883,20150119,22.27436,6.62077,2,0.843692303,0.687949078
1053,756883,20150204,2.70198,83.08912,3,0.203487322,0.583065777
1054,756883,20150204,27.5544,87.56258,2,0.547362506,0.511234378
1055,756883,20150204,42.16686,76.52359,3,0.413703322,0.416783379
1056,756883,20150204,23.01676,89.66368,2,0.196201578,0.548842685
1057,756883,20150204,28.96522,89.97864,2,0.548754752,0.37824655
1058,756883,20150204,26.15869,88.18354,2,0.554507315,0.48816989
1059,756883,20150204,45.91973,86.49973,3,0.410805166,0.430252786
1060,756883,20150204,23.40636,84.83643,2,0.517510414,0.565649409
1061,756883,20150204,46.26197,10.43627,3,0.365759403,0.36903558
1062,756883,20150207,40.90401,72.82737,3,0.320795238,0.445370166
1063,756883,20150207,29.93,85.69238,2,0.246889904,0.397960838
1064,756883,20150207,2.41679,87.07639,3,0.37875089,0.482048781
1065,756883,20150207,2.42896,86.5442,3,0.253452182,0.515329887
1066,756883,20150207,2.22617,87.64036,3,0.486222267,0.458169373
1067,756883,20150207,35.02904,85.16118,2,0.596997142,0.49439617
1068,756883,20150207,18.16313,92.70076,2,0.364577323,0.50990974
1069,756883,20150207,9.12155,22.15064,3,0.186398014,0.374039734
1070,756883,20150207,26.5746,6.27901,2,0.924515486,0.647634834
1071,756883,20150218,34.87594,90.44672,2,0.633120656,0.66244373
1072,756883,20150218,28.88847,87.56529,2,0.548823237,0.694977567
1073,756883,20150218,38.98275,70.61354,3,0.44012782,0.461193157
1074,756883,20150218,28.91745,11.44125,2,0.546021283,0.529131264
1075,756883,20150221,46.92665,88.32601,3,0.237663805,0.385643053
1076,756883,20150221,2.84453,88.87899,3,0.416410953,0.471053517
1077,756883,20150221,24.08519,6.0355,2,0.97605747,0.738435488
1078,756883,20150221,45.57016,11.51165,3,0.447490603,0.395541916
1079,756883,20150221,2.47065,7.39131,3,0.357666075,0.386422146
1080,756883,20150221,45.86738,12.50844,3,0.573905647,0.5
1081,756883,20150221,14.1648,26.13831,3,0.054835863,0.434599511
1082,756883,20150228,47.32285,89.5396,3,0.187160507,0.452072694
1083,756883,20150228,32.05081,67.30009,3,0.417524695,0.441066437
1084,756883,20150228,28.78615,85.6327,2,0.553269863,0.566923068
1085,756883,20150228,24.45367,80.82487,2,0.425148517,0.574983638
1086,756883,20150228,47.01456,4.9113,3,0.558167577,0.368867694
1087,756883,20150228,3.40136,4.02547,3,0.495186627,0.466648116
1088,756883,20150228,46.93031,6.31946,3,0.420097411,0.423610332
1089,756883,20150304,2.23983,88.59623,3,0.164376125,0.432836833
1090,756883,20150304,35.11829,68.27494,3,0.423228145,0.378249963
1091,756883,20150304,16.57315,68.45033,3,0.437395483,0.450394219
1092,756883,20150304,44.92031,78.85693,3,0.414898604,0.40634198
1093,756883,20150304,24.82649,89.5614,2,0.705018759,0.505614345
1094,756883,20150304,33.67753,26.20017,3,0.447339565,0.371344156
1095,756883,20150304,26.49907,28.38893,3,0.227210775,0.386374246
1096,756883,20150304,46.55301,5.12782,3,0.377798408,0.456279575
1097,756883,20150304,22.44821,6.53199,2,0.877195299,0.702044774
1098,756883,20150304,3.02808,5.56927,3,0.404491425,0.372320135
1099,756883,20150304,28.77341,11.4301,2,0.212074578,0.402374241
1100,756883,20150304,26.18764,6.58963,2,0.941782355,0.690877315
1101,756883,20150304,19.73312,6.90061,2,0.789354384,0.635268143
1102,756883,20150304,40.37218,20.75377,3,0.517658949,0.347506668
1103,756883,20150304,2.96448,7.53598,3,0.141407236,0.386364216
1104,756883,20150312,2.94862,4.73133,3,0.337961227,0.466656129
1105,756883,20150312,28.36538,5.25407,2,0.926217377,0.716575632
1106,756883,20150312,27.7317,88.4614,2,0.760369003,0.623271184
1107,756883,20150312,24.10083,83.03803,2,0.611861229,0.565983141
1108,756883,20150312,19.44147,87.91021,2,0.63642329,0.650997313
1109,756883,20150313,23.43729,4.36216,2,0.551020563,0.696535965
1110,756883,20150313,27.41239,88.22523,2,0.792450011,0.665404664
1111,756883,20150313,40.77641,72.96359,3,0.832485437,0.602090885
1112,756883,20150313,34.14794,67.44179,3,0.278104812,0.355672686
1113,756883,20150320,23.18042,88.12068,2,0.671099961,0.491469902
1114,756883,20150320,24.33767,86.78343,2,0.628972173,0.543212423
1115,756883,20150320,46.78272,89.11318,3,0.255747467,0.385373689
1116,756883,20150320,44.83875,11.89678,3,0.284510165,0.396765963
1117,756883,20150320,24.32657,5.29515,2,0.916914105,0.646854584
1118,756883,20150322,25.38125,80.68423,2,0.558272839,0.44213781
1119,756883,20150322,22.11744,83.02737,2,0.503899932,0.458716613
1120,756883,20150322,16.14725,24.91474,3,0.530293643,0.409761516
1121,756883,20150322,29.81211,6.23925,2,0.779623866,0.442962654
1122,756883,20150322,46.45468,5.5783,3,0.466613203,0.494729078
1123,696289,20141114,45.67151,79.29979,3,0.545837522,0.42685092
1124,696289,20141114,20.80689,85.14077,2,0.975901723,0.674590757
1125,696289,20141114,24.61968,88.18554,2,0.577458322,0.532262139
1126,696289,20141114,32.25913,6.60303,2,0.495294392,0.53106118
1127,696289,20141118,4.3215,76.96606,3,0.388312697,0.401379689
1128,696289,20141118,45.45166,78.93857,3,0.792280853,0.570311916
1129,696289,20141118,21.50389,62.31569,3,0.936070085,0.592230409
1130,696289,20141118,18.43768,6.5202,2,0.555555224,0.416867812
1131,696289,20141121,7.04626,13.38271,2,0.548210621,0.368529813
1132,696289,20141121,26.9047,7.60226,2,0.813430607,0.579067697
1133,696289,20141121,18.64192,86.79893,2,0.652356386,0.598000899
1134,696289,20141121,8.4279,73.88783,3,0.456777036,0.572729855
1135,696289,20141121,25.35012,67.18345,3,0.54904443,0.399435131
1136,696289,20141122,32.39335,25.72455,3,0.54172796,0.544624013
1137,696289,20141122,8.51737,20.5702,3,0.553661048,0.401428897
1138,696289,20141122,45.10965,35.64145,3,0.086647697,0.549683529
1139,696289,20141122,29.47799,71.50786,2,0.5548262,0.37416899
1140,696289,20141122,26.54996,88.12516,2,0.998165071,0.712763465
1141,696289,20141126,30.50737,65.08415,3,0.552743971,0.468601052
1142,696289,20141126,38.46849,70.86464,3,0.454406947,0.399893592
1143,696289,20141126,28.16247,67.77707,3,0.382388473,0.409385682
1144,696289,20141126,30.44958,89.10205,2,0.290089309,0.455435807
1145,696289,20141126,29.65841,26.44947,3,0.479633301,0.422456964
1146,696289,20141126,20.31391,25.67787,3,0.196437508,0.41202518
1147,696289,20141126,38.61381,23.05655,3,0.529535055,0.425969556
1148,696289,20141126,30.6491,6.72056,2,0.379147798,0.594462185
1149,696289,20141130,22.4979,83.99755,2,0.550740838,0.449405815
1150,696289,20141130,47.33345,90.26445,3,0.250145882,0.371495784
1151,696289,20141130,22.36844,13.70786,2,0.596067011,0.602583915
1152,696289,20141130,27.01177,6.02734,2,0.751034439,0.59739699
1153,696289,20141130,3.2574,6.13819,3,0.867074549,0.464181376
1154,696289,20141130,3.0771,5.76393,3,0.263660252,0.420726167
1155,696289,20141130,7.19111,21.90181,3,0.673422933,0.386319249
1156,696289,20141130,26.26645,8.4277,2,0.762535691,0.577865635
1157,696289,20141130,26.74195,7.55113,2,0.816984594,0.605010482
1158,696289,20141130,31.18695,8.01266,2,0.552391827,0.553224392
1159,696289,20141215,23.0972,90.00996,2,0.552098811,0.5
1160,696289,20141215,19.47841,86.02264,2,0.55022651,0.530487079
1161,696289,20141215,45.65974,78.83697,3,0.397916794,0.419138855
1162,696289,20141215,25.17062,7.88311,2,0.988029301,0.663559635
1163,696289,20141215,47.73132,4.99747,3,0.334476054,0.408231004
1164,696289,20141215,24.41184,7.41158,2,0.761593282,0.626023662
1165,696289,20141215,8.67298,6.6952,2,0.532037437,0.474567627
1166,696289,20141215,24.28384,10.87985,2,0.441487461,0.517476565
1167,696289,20141215,25.05131,9.99455,2,0.33859542,0.550346635
1168,696289,20141229,33.78993,67.7714,3,0.488247544,0.488429248
1169,696289,20141229,23.70032,78.07826,2,0.527597129,0.428742473
1170,696289,20141229,29.64236,65.5885,3,0.553821862,0.393410637
1171,696289,20141229,30.7577,87.70828,2,0.555629849,0.505184215
1172,696289,20141229,42.30051,19.64716,3,0.328228921,0.381953878
1173,696289,20141231,27.95922,88.20806,2,0.753104031,0.538837971
1174,696289,20141231,11.95746,77.10845,2,0.545587659,0.384133732
1175,696289,20141231,20.06161,28.44389,3,0.433053374,0.422597601
1176,696289,20141231,2.68826,4.44075,3,0.482551396,0.469868265
1177,696289,20150103,47.14327,88.84478,3,0.47758013,0.389204459
1178,696289,20150103,37.55358,71.87547,3,0.551682889,0.405664848
1179,696289,20150103,22.68208,88.63462,2,0.779796958,0.533969196
1180,696289,20150103,22.81985,5.56194,2,0.843140841,0.66640072
1181,696289,20150103,4.77023,17.71305,3,0.365465283,0.348973867
1182,696289,20150103,17.84175,27.17146,3,0.358042926,0.366295786
1183,696289,20150103,30.694,7.94545,2,0.913450599,0.543974954
1184,696289,20150113,34.43521,85.61726,2,0.31692344,0.412674566
1185,696289,20150113,14.96397,66.84187,3,0.283606976,0.448426705
1186,696289,20150113,15.27298,74.24834,2,0.489221007,0.423396871
1187,696289,20150113,4.58291,78.66598,3,0.547494352,0.443137371
1188,696289,20150113,46.71975,88.42757,3,0.588748515,0.468367636
1189,696289,20150113,35.67647,24.56941,3,0.448566049,0.461280527
1190,696289,20150113,42.6732,13.79364,2,0.334838718,0.428521287
1191,696289,20150113,33.46315,7.19823,2,0.624695003,0.438300546
1192,696289,20150113,18.21472,7.42953,2,0.551689327,0.485886033
1193,696289,20150113,46.84957,6.78472,3,0.192839012,0.317416109
1194,696289,20150113,45.81648,13.69718,3,0.325317025,0.362988264
1195,696289,20150113,8.4812,21.42833,3,0.417344928,0.449262265
1196,696289,20150113,26.89637,7.90354,2,0.424405694,0.551694935
1197,696289,20150113,25.56739,8.24685,2,0.339297146,0.564601845
1198,696289,20150119,46.64546,86.50612,3,0.545520544,0.444027677
1199,696289,20150119,22.05934,83.89181,2,0.622057378,0.486057812
1200,696289,20150119,2.8088,89.07002,3,0.397530735,0.48560555
1201,696289,20150119,34.25985,67.81388,3,0.506272197,0.372024617
1202,696289,20150119,2.73618,9.87819,3,0.5644297,0.507621196
1203,696289,20150119,2.54451,9.01151,3,0.751258373,0.486671405
1204,842296,20141114,24.88438,89.29579,2,0.075908333,0.390113106
1205,842296,20141114,46.42636,86.73988,3,0.310295552,0.362071606
1206,842296,20141114,46.60091,84.99217,3,0.334231913,0.388147414
1207,842296,20141114,27.17831,7.66486,2,0.998844624,0.646871308
1208,842296,20141114,9.13392,21.57407,3,0.468164861,0.370070903
1209,842296,20141114,18.43566,22.70649,2,0.381778717,0.33527179
1210,842296,20141114,25.21445,5.71794,2,0.555700362,0.5305217
1211,842296,20141115,26.63275,88.3249,2,0.623693049,0.635096548
1212,842296,20141115,46.56349,4.55603,3,0.088042401,0.5
1213,842296,20141115,2.86348,4.76304,3,0.580152154,0.596389942
1214,842296,20141115,25.58371,8.10601,2,0.987905741,0.641169518
1215,842296,20141115,30.27315,26.28498,3,0.544514835,0.401717622
1216,842296,20141118,25.42633,15.30479,2,0.287719041,0.459390435
1217,842296,20141121,42.48807,21.40826,3,0.443229377,0.543228979
1218,842296,20141126,0.42902,89.70765,3,0.41086629,0.458454054
1219,842296,20141126,46.56658,89.81374,3,0.549996495,0.409977007
1220,842296,20141126,3.77944,84.96959,3,0.340978563,0.467982507
1221,842296,20141126,3.15561,89.49095,3,0.329063028,0.454747165
1222,842296,20141126,21.30658,8.76201,2,0.548889697,0.539216263
1223,842296,20141126,22.39082,12.08632,2,0.225103974,0.411528845
1224,842296,20141126,46.02388,8.77881,3,0.323010027,0.401538037
1225,842296,20141130,39.67886,20.41421,3,0.452445626,0.422414349
1226,842296,20141130,46.27265,3.56128,3,0.322883546,0.438292533
1227,842296,20141229,40.23215,87.01608,2,0.184798196,0.484501262
1228,842296,20141231,47.60184,4.16649,3,0.34502089,0.431408079
1229,842296,20150103,4.62024,85.10639,2,0.213073254,0.423257096
1230,842296,20150103,3.4536,86.41117,3,0.545899928,0.457737113
1231,842296,20150103,21.46314,6.65685,2,0.682818413,0.515132258
1232,842296,20150113,44.08223,77.79341,3,0.512745559,0.453307434
1233,842296,20150113,22.72964,6.33737,2,0.588612378,0.588514297
1234,842296,20150204,32.80939,67.88619,3,0.178964391,0.416662511
1235,842296,20150207,40.39271,21.60479,3,0.532772601,0.438086678
1236,842296,20150207,2.99724,6.8392,3,0.421780139,0.345143643
1237,842296,20150207,21.23664,22.01233,2,0.552260578,0.40122381
1238,842296,20150218,21.78257,89.76452,2,0.709208488,0.54077972
1239,842296,20150218,17.67158,86.82866,2,0.377970606,0.48334096
1240,842296,20150221,26.26962,88.49614,2,0.871634603,0.715580992
1241,842296,20150221,9.16427,72.78649,3,0.205548525,0.448050495
1242,842296,20150221,20.67553,90.23121,2,0.505318046,0.490376739
1243,842296,20150221,46.25594,4.64481,3,0.434762925,0.314292813
1244,842296,20150221,44.68725,21.35052,3,0.089674115,0.40760301
1245,842296,20150228,2.55562,88.03049,3,0.448410988,0.401360035
1246,842296,20150304,27.64407,80.72021,2,0.435370624,0.3185525
1247,842296,20150304,22.41319,90.04362,2,0.06821882,0.463076293
1248,842296,20150304,46.07217,86.41072,3,0.339849055,0.457722412
1249,842296,20150304,2.55623,89.22673,3,0.44043839,0.488333817
1250,842296,20150304,45.64532,77.12019,3,0.496871859,0.522443988
1251,842296,20150304,14.06092,72.77232,2,0.551306009,0.485007149
1252,842296,20150304,25.63911,88.7586,2,0.315126806,0.599626621
1253,842296,20150304,23.64599,91.00435,2,0.353452235,0.636824175
1254,842296,20150304,3.17481,4.51118,3,0.220643878,0.427865434
1255,842296,20150304,46.61491,5.05232,3,0.51407218,0.488309612
1256,842296,20150304,19.52953,7.14848,2,0.203054115,0.447295733
1257,842296,20150312,21.97775,10.7285,2,0.414681464,0.493142574
1258,842296,20150312,20.66435,6.70649,2,0.065078467,0.405318165
1259,842296,20150312,43.88744,15.10915,3,0.351641506,0.415046639
1260,842296,20150312,26.79628,6.79375,2,0.636878192,0.542484127
1261,842296,20150312,3.49974,5.89947,3,0.432291448,0.464885642
1262,842296,20150312,6.05558,22.90219,3,0.128736436,0.466737288
1263,842296,20150312,3.27125,6.93594,3,0.583593249,0.481711776
1264,842296,20150312,24.02577,87.30518,2,0.906302869,0.67187592
1265,842296,20150312,21.80137,88.77776,2,0.785786569,0.639274479
1266,842296,20150312,20.05463,90.31834,2,0.552461803,0.672725101
1267,842296,20150313,4.631,9.71996,3,0.379754275,0.489484625
1268,842296,20150313,34.64759,69.35162,3,0.413777798,0.392488157
1269,842296,20150313,25.0959,91.52495,2,0.545492709,0.585050654
1270,842296,20150320,18.308,77.41884,2,0.277734131,0.5
1271,842296,20150320,46.20482,18.21391,3,0.36734274,0.459289076
1272,842296,20150320,23.64785,29.48284,3,0.553436756,0.405403549
1273,842296,20150322,27.4066,67.76635,3,0.551311433,0.345140394
1274,842296,20150322,22.10717,8.52394,2,0.285764277,0.4288224
1275,792415,20141114,37.64621,70.65049,3,0.455906779,0.458334537
1276,792415,20141114,4.01135,81.52857,3,0.517520964,0.482803965
1277,792415,20141114,37.8111,24.73866,3,0.322533876,0.405264001
1278,792415,20141114,41.32354,20.644,3,0.237927154,0.458209589
1279,792415,20141114,12.4354,24.31814,3,0.308073938,0.421792394
1280,792415,20141114,31.87887,26.77877,3,0.446654707,0.424254088
1281,792415,20141115,3.67568,89.46219,3,0.206380814,0.431980624
1282,792415,20141115,46.63078,88.38717,3,0.487366408,0.410674867
1283,792415,20141115,0.99383,88.81933,3,0.756883204,0.599467567
1284,792415,20141115,7.16271,17.55977,3,0.315762073,0.448255979
1285,792415,20141115,12.50045,24.85663,3,0.550081789,0.341469083
1286,792415,20141121,40.05866,24.56143,3,0.57633251,0.636899072
1287,792415,20141121,29.80977,28.79888,3,0.428363144,0.491588642
1288,792415,20141126,23.02768,12.21709,2,0.193988934,0.394587382
1289,792415,20141126,29.01977,27.3302,3,0.303641409,0.346759775
1290,792415,20141126,48.08588,1.28495,3,0.214529335,0.391789376
1291,792415,20141130,27.7223,9.06671,2,0.546545446,0.59076925
1292,792415,20141130,3.3825,8.08252,3,0.245767727,0.383306084
1293,601143,20141114,22.91313,9.17489,2,0.558188021,0.645252037
1294,601143,20141114,37.60803,24.29552,3,0.216033667,0.5
1295,601143,20141115,19.81709,8.25945,2,0.766242146,0.609092428
1296,601143,20141115,22.94684,10.51318,2,0.560330629,0.659782814
1297,601143,20141115,21.18107,6.13169,2,0.645010412,0.593023514
1298,601143,20141121,26.47767,5.3393,2,0.598265231,0.605361069
1299,601143,20141130,26.36291,5.19506,2,0.843475342,0.605960955
1300,601143,20141130,21.92705,6.33195,2,0.691310525,0.635656367
1301,601143,20141229,24.27548,5.68218,2,0.428268552,0.57904548
1302,601143,20141231,22.49976,89.19242,2,0.523590803,0.622292483
1303,601143,20150103,25.38153,6.98778,2,0.465808392,0.602627571
1304,601143,20150119,28.93778,83.76403,2,0.87197268,0.674041295
1305,601143,20150204,21.71609,5.9127,2,0.547871172,0.595410674
1306,601143,20150207,25.63373,87.03417,2,0.816841185,0.707103011
1307,601143,20150207,28.16919,11.14797,2,0.554931581,0.698240085
1308,601143,20150221,27.41799,88.48251,2,0.842551529,0.668583468
1309,601143,20150304,24.16031,5.4308,2,0.877923667,0.718127144
1310,601143,20150312,22.51809,4.86369,2,0.654320002,0.654386688
1311,601143,20150312,23.66578,8.66266,2,0.430780292,0.646205562
1312,601143,20150312,22.57076,5.27205,2,0.54540962,0.562128591
1313,601143,20150312,24.9103,6.86437,2,0.55951792,0.661133185
1314,601143,20150312,23.98697,87.94707,2,0.867240012,0.576741828
1315,601143,20150312,24.34137,88.97554,2,0.547407866,0.584820921
1316,601143,20150313,28.46545,86.67267,2,0.601213396,0.599990703
1317,601143,20150320,23.58894,88.39028,2,0.554300547,0.647612477
1318,601143,20150320,25.96288,87.6673,2,0.819014132,0.734531003
1319,601143,20150320,26.98244,89.31996,2,0.839363635,0.674600092
1320,601143,20150320,23.89105,5.69095,2,0.553597391,0.705588624
1321,601143,20150320,22.19031,4.87471,2,0.619512856,0.680163536
1322,601143,20150320,22.91522,5.69212,2,0.907587409,0.646280643
1323,842313,20141114,45.83079,17.39321,3,0.338392347,0.426101335
1324,786843,20141115,20.03809,26.13313,3,0.552172422,0.395610408
1325,786843,20141115,8.75947,19.78357,3,0.549086154,0.384442031
1326,786843,20141115,11.38967,21.4004,3,0.400728822,0.46328132
1327,786843,20141126,21.81965,20.44651,2,0.556037784,0.532986437
1328,786843,20150312,3.57142,85.80075,3,0.495189905,0.463153707