shooterID,distance_ten_seconds,distance_total_game,velocity,distance_closest_def,angle_closest_def,distance_second_def,angle_second_def,distance_closest_team,angle_closest_team,shot_distance,shot_angle,offense_hull,defense_hull,catch_and_shoot,result
player_696290,52.56327522,8494.975351,3.305361714,2.248470045,0.320969612,16.48287624,0.832933919,16.68056107,1.196920728,21.90340327,0.07012511,345.7340765,171.6821547,1,0
player_842297,85.87225218,2341.139249,0.942388025,0.782843302,1.067631385,2.216493275,1.26129448,10.34738742,0.810642353,5.096622954,-0.760226635,399.688279,59.40563037,0,0
player_786843,61.77759468,8437.144709,3.258244089,4.138067055,0.039228219,13.91996169,1.10873991,18.51002111,1.544707862,21.56555545,-1.147789452,670.2158979,212.1523478,1,0
player_842297,97.43731011,3098.981931,12.77453045,1.745865303,1.764861995,4.282870086,0.557845206,6.769944568,1.342500689,7.317314495,-1.206195731,222.3825793,125.1575852,0,1
player_696290,67.18637618,3162.930988,13.11100582,3.370619057,0.905779407,6.903773025,0.474951694,2.559263366,0.778450794,5.460939606,0.064511666,323.7868138,100.962507,0,1
player_696290,49.62668267,4944.458236,2.096371975,7.812115581,0.331564959,21.86648512,0.955766661,20.66486294,0.492362918,22.73978504,-0.204960319,674.4318507,246.357917,1,1
player_696289,52.56524445,1425.882569,1.210032565,5.954433146,0.315364752,8.364685966,0.114960379,11.58781547,0.077978485,2.429340071,-0.009076664,333.0273426,63.33311631,1,1
player_696290,102.0120279,2932.286513,19.04753564,2.058523728,0.633166587,3.509862306,1.358855679,11.55858642,1.745109398,5.851178501,-0.178990131,642.2875916,21.36058672,0,1
player_696290,27.9545097,1979.028059,2.145081132,4.950755152,0.191220004,18.21828681,0.431833208,17.40474995,1.294061515,24.09746996,1.141230074,485.8461934,143.4486803,1,0
player_842297,50.06474117,3741.557755,7.784101974,2.315361864,0.766685629,9.74335114,0.029734481,4.778266925,0.664568024,21.68585932,1.325173239,368.905817,171.7179121,1,0
player_601143,26.10486125,12489.31098,1.594082669,7.808174536,1.512161995,9.092246052,0.370669124,17.01130269,0.224194699,21.94027885,0.876934281,323.1718329,104.9812413,1,1
player_696290,53.94411813,4416.489922,14.39494318,2.166944995,2.851513622,4.842947927,1.205161516,7.037735456,0.251585439,2.20235342,-0.142117308,241.8532313,140.474657,0,0
player_792415,59.59896078,194.1877658,6.278865296,4.048340538,1.090786691,7.241242237,0.048165809,2.611312419,0.963066444,21.46452118,-1.337518318,374.6794719,166.1368982,1,0
player_696290,61.46830427,4379.359926,10.00634525,3.869158602,0.003272742,4.158792565,0.953237845,9.479869798,1.752469163,6.684119375,-0.191195263,277.3176502,77.65337083,0,0
player_842297,84.57230128,1581.057346,2.490340303,3.213041751,0.7504735,14.32168674,0.418430284,15.26428179,1.351494356,21.574654,-0.032171534,458.2297381,240.9905914,1,1
player_696290,31.64298232,1452.41788,4.845370915,4.034367729,0.046087814,16.01830565,0.124707251,14.35092058,1.429693546,23.62216308,-1.372983166,275.5662486,135.5929071,1,0
player_842297,50.97018893,1156.917989,0.562821567,4.707895982,0.858274489,14.61211222,0.090183714,11.9205138,0.13811642,22.0040534,-0.521216043,443.5606386,216.739395,1,0
player_786843,97.50328678,7130.68314,15.68177776,2.84836735,2.063684479,3.671843985,2.439152017,7.764520251,0.767994774,2.140616276,-1.311560418,388.4981206,151.1866952,1,1
player_786843,54.06343525,4034.826525,15.76941452,2.84944737,1.159462048,4.616993416,0.469025318,14.33223927,0.221329119,0.829744346,-1.360128915,342.6547644,133.3789189,0,1
player_696290,65.44858292,3035.52047,5.239158506,6.355325508,0.679430849,14.26101126,0.147523207,12.79478352,0.269266397,22.38473917,0.067707187,326.1126908,142.7092352,1,0
player_601143,35.90645583,13454.07008,2.462513018,4.771382419,0.598882038,18.26080472,0.102617168,16.24325185,0.089226766,21.87517398,0.133046198,397.4298999,159.9286409,1,0
player_696290,75.80200837,6505.292283,9.782160628,3.583899339,0.350736247,10.63420374,2.271210321,11.60604639,0.763292311,8.684498146,0.226259775,205.7337729,127.3308603,0,0
player_696290,67.48271108,2766.797437,3.311493682,8.239953221,0.132622891,10.92499154,0.115594031,8.965625223,0.121639787,17.46175996,0.979970625,343.77249,152.003521,0,1
player_842297,51.12454843,2570.261928,6.808814524,3.305756037,1.142426787,4.4336269,0.035768271,7.959857266,1.83808866,19.36361871,0.97044848,432.333848,212.0790108,0,1
player_842296,36.7008653,3678.589443,1.181372543,5.293969373,0.034007726,7.901179339,1.019091898,9.009616827,0.067321263,22.44312329,1.390715386,374.6936676,153.0745227,1,1
player_696290,82.09020813,5866.679119,15.54888089,1.195482407,0.39733829,8.236603558,2.062403815,17.76548348,2.048007329,7.384149141,0.184275534,464.7760115,163.0284273,0,1
player_786843,59.61423722,5779.764334,11.50573061,1.972284157,0.600170184,2.406520638,2.053596766,6.700046525,1.076475024,6.407624074,1.104183167,275.5866079,82.16638556,0,0
player_696289,57.90127053,1958.40827,2.853228895,2.154913763,2.558781237,6.057794894,0.092937473,7.338012378,0.359136616,4.040376669,-0.540007772,319.7152766,177.7142351,0,1
player_842297,51.73946039,2391.77406,2.490308883,6.566875612,0.243372783,16.13287998,0.484022212,16.26990709,0.657197561,21.92534148,-0.17224249,371.6063081,137.2476787,1,1
player_696290,59.58915335,8412.204997,10.3086043,1.536033532,0.671107088,2.898212078,2.274571822,7.88289113,0.727676939,4.744827438,1.559982235,411.2436913,53.40740327,0,0
player_842296,29.94048005,4675.259044,3.912991535,10.96170799,0.591680243,14.34753937,0.109570043,17.53887536,1.127973021,23.42390823,-0.170092618,599.4652179,142.5048445,1,0
player_842297,105.2306577,3443.539352,20.30059358,7.16535274,3.012276447,19.68718146,2.438656546,26.47620408,2.895376233,2.915048968,1.369193243,639.7921969,237.6397513,0,1
player_696289,37.87533664,3657.782334,2.884105905,2.275243328,0.548464886,5.98484732,2.732761722,17.4666626,2.38549204,4.445198298,-1.0821103,422.7421878,128.9376859,0,0
player_842297,46.35527671,3756.704531,15.71470815,2.845342522,0.525819256,6.657219554,1.453757203,12.96456516,1.158296001,2.629721849,-1.029920318,514.1208551,78.25748324,0,0
player_842296,110.4180038,849.1137506,2.329792736,5.321050023,0.283390856,14.93276129,0.150800207,12.17080494,0.391878535,22.07982993,-0.960940321,338.9293034,186.3543861,1,0
player_842297,100.8928896,6375.588113,13.58444622,2.399224217,2.768318208,2.784730586,2.005700028,9.76990784,1.565620382,0.514739396,1.141073784,261.3081764,100.3169081,0,1
player_601143,53.47265154,9959.148274,8.221659948,0.418829073,0.021165615,10.3805021,0.888313572,16.22692837,1.664900774,18.57209088,-1.241554145,399.5827623,188.8222179,0,0
player_696289,21.11065077,3619.082606,3.588517928,2.546053328,2.219119645,5.321720596,1.358412703,7.275254345,0.263708431,2.834642919,0.132783955,210.7273858,82.79589633,1,1
player_786843,45.369431,7197.944441,9.393888258,1.731413305,2.69718886,5.394626844,0.815354642,3.831628634,0.69126695,2.468807215,-0.214194226,426.0638258,80.32295952,0,0
player_842297,7.074800448,1325.289098,1.268854953,5.981802061,0.26058195,13.91009748,0.540835279,20.66412135,0.05929861,21.8569527,-0.033906465,453.4122855,93.77336155,1,1
player_786843,32.06300206,8243.67296,2.301795498,3.666060066,0.273328824,15.13338699,0.489004791,15.84073595,0.574954942,23.18889,-1.165276289,499.4867573,196.0421052,1,0
player_842297,57.50318535,3130.98533,1.926390854,1.318255306,2.499069358,2.239689483,0.131549608,3.025758457,1.934959157,0.639167859,0.0134554,129.711366,31.17917519,0,1
player_696289,58.85876196,458.2101451,3.305755332,5.70327789,0.954797374,6.246847943,2.17081061,8.875655318,0.212742006,2.51179471,0.154411266,339.5925371,83.31656642,1,1
player_842297,86.52026108,1834.812516,0.954569873,4.599500833,0.900885452,15.49523272,1.145912455,14.4674591,0.052671242,22.14187543,0.02199449,673.9436427,176.1870249,1,0
player_696290,116.4587796,4381.814113,6.787594939,5.673618178,0.030194756,6.582542241,0.61804926,5.863446397,1.203728114,21.70526001,1.354492302,463.5283702,199.8309472,0,1
player_842297,29.88939335,1017.669869,4.447895482,6.005737467,0.329233721,16.81499638,0.133128494,16.30769425,0.182573014,21.55466693,0.176298924,516.6546981,226.7207357,1,0
player_786843,64.64564023,8867.901972,2.964034378,4.910306269,0.260104554,13.41741543,0.693291861,13.67802115,0.325266438,21.8327919,0.789660031,342.3416869,160.7734317,1,0
player_601143,69.54036548,8865.835814,14.85091792,1.972139582,1.011681403,8.725527158,0.744068591,12.96116642,0.74553645,4.677740562,0.211700574,813.7794122,157.615553,0,0
player_842297,41.49025987,4471.941382,4.348684683,5.311085184,0.20854645,14.74964473,0.257983827,13.8204677,0.708508322,21.26455361,-0.028463881,297.4926373,205.0607578,1,1
player_696290,43.29733436,5687.569497,2.182285996,4.612642181,0.215369377,14.44192311,0.857035149,15.69789549,0.313498422,23.06059305,-1.255171503,329.2627453,158.4639807,1,1
player_696290,66.26365305,1194.939291,11.24952604,0.894499928,0.15292202,4.531979688,0.649795904,7.797029368,0.999332409,5.370873803,1.086184853,298.9747889,87.18901888,0,1
player_842297,24.116361,1267.227649,3.643540582,4.073238319,0.10383512,12.50497689,0.489821846,5.366591786,0.149915571,21.30582616,0.481088412,469.919939,195.3763685,1,0
player_696289,22.89194003,1149.605493,4.625239437,1.461031985,1.927492842,4.523331394,2.627278751,8.68937208,2.096334843,1.448922767,-0.843906384,487.2166457,168.3763085,1,1
player_696289,35.30481904,5147.676166,1.662435422,2.070495559,2.907135929,3.611010953,0.26224069,4.342461409,1.030018378,1.364016888,-0.040288992,267.5725738,78.68960219,0,1
player_786843,30.73224096,5790.541506,5.867950125,1.822671534,1.187749823,4.220546722,0.858871559,8.072231249,1.199785339,7.943938695,1.501968808,393.3015859,138.9136217,0,0
player_601143,31.75283165,9114.226653,4.860882875,6.268792312,0.64614154,21.06119918,0.182451178,20.00393446,0.16923914,21.44268345,-0.069933505,422.393361,252.0526373,1,0
player_842297,3.403223502,1324.788235,2.933813364,4.163324655,0.170918176,15.11408038,0.382929858,16.99459259,0.417200882,20.8536976,-0.216024837,588.6853743,257.3486915,1,0
player_842297,101.5210105,453.0904169,7.447007396,2.276041056,0.999000406,4.51905554,0.572732883,2.787692615,1.012717363,2.89223766,-0.463714098,73.69114913,46.37142277,0,1
player_842297,89.81834829,467.8846327,5.232460881,1.842888235,2.273616687,3.929533933,0.168509137,6.401527349,1.216614358,13.15971318,1.037329243,200.6883675,127.9048724,0,0
player_696290,61.30300308,3863.44857,12.05953168,2.751003884,0.707296775,7.847209103,1.859776763,6.985741524,0.095866625,2.320789881,0.049736335,309.2853326,124.2354017,0,1
player_786843,35.74513219,9993.581286,1.669046391,7.693739889,0.13657677,18.47416858,0.005789641,17.35217667,0.05781147,21.45719168,0.015300829,546.3100971,188.9838032,1,1
player_842297,30.48349667,4654.427894,2.519634875,4.954695331,0.811732874,11.09807004,0.197144877,12.53622853,0.971855087,22.06007716,-0.072102096,313.419879,155.9311396,1,0
player_842296,42.92564714,3105.043313,7.350435553,1.796205888,0.950352792,2.928536009,1.201951542,4.784769645,0.193154827,4.688090498,0.951227501,357.8251564,45.10034275,0,0
player_696290,103.7011589,1497.9782,12.41428136,3.614278847,1.991848653,3.742937268,2.944327488,7.213760495,2.978877796,5.678863558,1.026489241,335.0084057,43.72742484,0,0
player_696289,45.75844547,2805.972323,5.278680406,1.409597169,1.577347987,3.913614879,0.593551725,6.375707322,0.346389832,3.350109876,-0.199127766,433.7576974,82.02551109,1,0
player_842297,60.28416851,4370.508139,5.613656372,4.817232026,0.436401427,16.06745864,0.413418176,17.16080744,0.580168869,24.85371911,0.548735101,427.1503744,263.7354234,1,0
player_786843,30.14090866,5890.747136,2.952684145,7.283254035,0.658989588,14.09630916,0.35831778,20.61329452,1.2195191,21.55335631,-0.005668753,556.4402327,113.2272877,1,1
player_601143,46.33451458,11954.56324,14.15632521,2.164523582,0.908957871,3.020642965,0.006337812,8.968226414,1.187937255,2.99174358,1.235376202,430.2943602,141.1739837,1,1
player_842296,86.48165221,759.5816029,0.613821033,4.38052418,0.767127188,19.41040033,0.165039399,21.95745015,0.481244418,24.00627011,-0.002888,485.2148878,86.13893877,1,0
player_696290,97.13476617,4919.712979,21.60289643,2.606759132,0.826077883,13.8942851,3.109202687,22.01367061,3.103808415,2.638632118,1.506088889,548.238261,397.8029266,0,1
player_786843,46.96684298,9619.389316,13.70943161,2.570221506,1.116436741,4.53218648,2.729519463,7.314307154,1.10255088,0.67494184,-0.066944645,198.7633568,105.3399802,0,0
player_786843,72.83220947,6521.702951,0.879163453,10.82482841,0.581387343,13.13417358,0.939237471,20.45278033,1.277443306,21.96149676,-0.002810832,577.8815335,167.5882507,1,0
player_696290,19.71970059,5556.978957,2.760317228,5.893359686,0.497525981,7.391996628,0.027028125,20.71343841,0.962805234,22.73272268,-0.011108885,583.4375347,164.9023495,1,0
player_786843,9.779215128,11289.14784,1.721176169,6.289685311,0.057559729,15.14921636,1.108041923,19.53808526,0.93593486,21.95637132,0.048727694,418.8883695,240.6673349,1,1
player_842297,50.82255239,75.48607281,5.096484118,4.616926072,0.477114357,9.826732066,0.844366106,17.23054153,0.305719642,22.27745811,-1.212636725,297.8795896,162.3204679,1,0
player_842297,61.46164399,3652.104549,9.352909366,2.428016286,0.022404239,4.494730156,0.705700975,8.560441609,0.199329609,2.776606618,1.536250894,577.4694884,153.2567677,0,0
player_842297,72.71387415,228.8222203,7.323252259,4.502280809,0.042520053,10.24403603,0.164021431,7.496207172,0.616979866,21.12120477,-1.456605962,374.1792081,154.115687,1,1
player_786843,52.3062795,4935.953017,8.450187819,2.908261651,1.424592668,6.808435487,0.703808589,6.1040642,0.818009004,7.896283681,-0.52398168,267.1705851,111.0748952,1,1
player_696290,78.37353269,5492.40077,0.805311465,4.728173754,0.748835375,6.479489325,0.131898079,11.27263004,0.6196924,22.07321033,1.065936781,526.0330017,127.6586783,1,0
player_696289,58.60370941,416.1402915,7.910964325,3.289499729,1.086137953,8.82973049,2.118808929,13.10173662,0.298285169,6.353424916,-0.902323098,514.5117411,178.934205,0,1
player_696290,35.21420695,2932.863383,2.764209919,6.934743801,0.943409967,7.583884999,0.25724555,16.0182368,1.23573857,22.8924866,-1.154371968,444.8919246,160.069058,1,1
player_842297,32.44488137,2710.22675,0.444592939,5.682156296,0.175894591,6.669945016,1.154130246,22.72213738,1.037233942,21.51006721,-0.030198359,667.9952453,284.0701482,1,1
player_786843,62.45096277,9020.683623,11.159742,2.322335962,1.86828563,2.825436085,0.978514076,8.484357131,0.888917318,2.52432194,0.892250517,443.7118333,74.04392431,0,0
player_696290,88.39436355,4037.062768,1.698346179,6.918009574,0.018993974,12.34852967,0.985710339,16.92662877,1.454795283,21.72214311,-0.014843924,331.808352,134.5772493,1,1
player_786843,7.295171382,9905.890784,2.352324292,5.201533595,0.108164313,15.80714877,0.694954462,17.77494523,0.705335453,22.15377725,-0.103370916,243.7474125,188.9185845,1,0
player_696290,114.418788,2190.370085,13.292384,4.300012998,3.140739638,5.89417099,2.083011929,7.444417927,1.726721682,0.680630879,0.977887527,474.7888443,42.19777665,0,1
player_842296,102.1947023,3728.208468,2.029402034,8.777202683,0.113717477,15.93949324,0.036215326,10.58142081,0.03951703,22.83556735,-0.988167904,337.1986094,175.1637969,1,0
player_842297,4.06397442,62.06396878,7.815335423,0.797387793,0.29705892,8.04674031,1.26217916,12.00761212,0.091449289,3.373589577,-0.305451904,419.9670742,202.5019999,1,0
player_601143,55.10204304,11855.25985,7.430503977,4.689479651,0.96177142,6.680621908,0.209179422,6.636028552,2.829653978,11.26978645,0.769655776,311.6120187,232.2150644,0,0
player_696290,47.46998112,7510.715556,11.20379523,1.392631129,1.500893502,4.842328761,1.005333666,6.293640684,1.053335112,5.67521772,-1.444268238,142.6433169,55.44245971,0,0
player_696289,21.18054894,5381.545199,3.163763162,1.658759962,0.417736206,2.722319789,2.74972856,14.91891304,0.121620992,3.257857809,-0.338534082,427.1702968,57.95260429,0,1
player_601143,54.12867618,12501.63978,0.78573585,7.879096094,0.260483121,11.92895818,0.590858336,19.13236245,0.368180876,21.57242979,0.089482971,390.5269105,144.5596305,1,1
player_696289,34.51083848,727.7139441,2.217331793,3.094395817,2.595994131,4.671185665,1.769563259,14.58083947,2.161176471,1.82912173,-1.216994316,311.4725833,112.274766,1,1
player_786843,47.83403287,9794.753091,3.927934389,1.050641555,2.727767954,3.16829312,1.340503924,8.897707753,0.166355629,5.621610357,0.149947296,252.2046863,110.1428763,0,0
player_786843,87.24013302,6601.909945,4.798358553,5.159699198,0.153743027,5.791249976,0.835947775,10.84523237,0.46286519,21.50208695,0.295492738,419.0760196,187.0263768,1,0
player_601143,116.4817003,10948.49982,14.74077531,5.410256468,1.818526812,5.450304456,0.818621882,5.099412848,1.226039777,2.824296288,0.159203192,250.6408433,578.5731129,1,1
player_842297,74.40184137,3071.508722,2.335122477,7.375720099,0.299302268,14.25795647,0.164211081,20.61678068,0.458243697,21.33957388,-0.079218431,305.7068065,294.0996265,1,0
player_696290,62.93495716,4086.298123,11.85948354,3.73770221,0.321317708,13.2168669,0.112580288,14.48815985,2.0191684,36.44225921,0.986248595,672.2267969,703.375446,1,0
player_696290,76.05360869,9667.116192,12.78126311,2.559929763,2.9808236,5.627769225,1.077406319,5.93436428,3.069498699,2.886102749,0.922831745,349.2989682,78.10021216,0,1
player_786843,51.38710462,7294.362018,1.992039639,5.267431167,0.143085156,8.527702761,1.133308929,17.67923492,0.438131082,22.01716534,-0.015384059,517.7626589,168.400772,1,1
player_601143,14.71942534,8244.092399,1.395732458,6.883192453,0.433122438,16.99605799,0.87340573,16.96823359,1.202259623,25.50085085,1.506269395,659.9260917,319.602215,1,0
player_842296,61.65154876,814.2419154,1.665114111,5.781997014,0.095769418,11.3533994,0.198840665,8.106309552,0.532908128,24.03505017,1.369321206,322.2499227,165.6522339,1,0
player_601143,122.6040264,12193.60203,17.04931827,10.73052848,1.625256771,16.78663331,1.186049806,9.35918253,1.52674517,2.047518434,-0.087137529,571.0993592,164.7150489,0,1
player_842297,101.3841852,3701.784083,1.530756742,1.639003049,2.562627874,6.516390704,0.610437981,0.861909846,1.396836311,2.517321602,-0.446659465,259.8678073,229.1346496,0,1
player_786843,39.58740305,4050.732765,11.4374733,2.514345736,2.366335813,4.945767132,1.762149395,5.822220279,0.790191524,3.365382461,0.001209372,330.6604974,136.6410385,0,1
player_842296,67.63878436,2616.456228,13.21579765,1.949312862,0.147407751,5.014193798,2.118697474,5.870882882,0.442771029,7.240883182,-1.29492371,213.1488887,101.043692,0,1
player_601143,177.3245515,16175.34087,11.92672207,3.5191147,1.580257165,3.544515155,0.546466437,23.01667094,1.586799903,5.526780682,-0.218578669,985.0966357,282.0251142,0,1
player_842297,56.5212156,2184.790512,13.29239446,3.805769198,0.976144236,6.901166126,0.660128935,11.33501112,0.447147018,4.571107507,-0.329994099,318.5104981,31.9318939,0,1
player_696290,96.87702947,5924.38835,2.218103387,3.243773958,0.246858582,17.57664688,1.045146886,20.27756891,1.404093942,21.76073382,-0.04082752,590.5435859,220.8368345,1,0
player_786843,39.16385271,7441.135577,3.378292164,8.616812557,0.247586582,19.06153024,0.074432333,18.45831093,1.095889498,22.82508323,-0.049804853,451.7890657,180.2534114,1,1
player_842297,82.89706071,1580.330627,0.593501626,4.217061447,0.373532927,13.11900708,0.139884249,14.57723274,0.209733176,23.69560547,-0.513008044,563.3342689,185.1470778,1,0
player_696289,96.77535464,3305.256419,4.31845766,3.986457356,2.98166602,9.385604871,0.57227789,3.455442378,1.800421362,1.29264317,0.6702139,281.712052,222.9160509,0,1
player_786843,132.499924,7822.010403,17.52705961,8.964860142,2.208083399,33.78942714,2.329715455,11.35381965,1.624059102,1.881017475,0.578835705,970.1909891,413.648911,0,1
player_842297,74.1357952,2249.334766,10.50690508,3.753098928,1.332912924,5.871545648,0.575005376,8.421085592,0.704461601,4.368884129,-0.847120251,355.6847432,96.82922042,0,1
player_842297,66.91675412,2971.963283,2.971949022,5.757081113,0.000450634,10.05265964,0.376862107,4.442745886,9.79E-05,25.89383828,-0.750102726,579.1408521,213.5785959,1,0
player_696290,72.23050975,5123.316736,5.760679132,4.571428136,0.199155596,9.582167937,0.899387998,11.92965989,1.7516451,17.81414568,-1.316698087,268.3757017,100.5679331,0,0
player_842297,65.80166164,3232.943754,1.853198959,3.051469823,0.012636692,16.7298261,0.867927257,18.51585611,1.230212889,21.79405814,-0.077435145,439.636109,202.6752003,1,0
cluster,34.88905879,769.6963529,1.079230208,4.911499727,0.058955667,16.49739504,0.727410894,18.51338041,0.923189821,24.11180958,0.527784842,391.6517797,211.1397574,1,0
player_842297,71.27444852,301.6415259,13.64153189,2.03613309,1.577808941,3.290332957,0.515701138,6.008177569,0.836185841,7.576099728,0.256405724,249.3941032,87.69401652,0,0
player_842297,98.21615779,1010.514856,13.93372608,0.161951418,1.285432459,3.711641575,0.45607387,4.433483854,1.062516062,4.573753824,-0.32408886,471.186981,133.3495999,0,1
player_601143,88.8814976,11592.37023,1.29362144,3.74470565,1.017714531,13.59196613,0.185790961,11.61281514,0.781900693,21.34149366,0.107956958,459.2725736,167.7986119,1,1
player_696289,56.58640044,2200.548677,8.660144822,4.050290846,2.362376051,9.184359421,0.015434234,12.95512454,1.437169561,2.432740541,-0.110176954,331.8720064,119.9785942,0,1
player_842297,65.61494406,2458.61609,5.912512258,4.812964333,0.160793218,6.78357407,0.439072269,3.998351106,0.274767574,21.10502774,0.801660137,452.6467146,136.5404229,1,0
player_696289,87.66136895,1884.809294,7.117774431,3.986724375,1.804834849,7.743099895,0.166151823,11.79076186,1.052912046,0.843628344,-0.537845885,446.8576279,131.7223106,1,1
player_842297,44.94740926,4950.904045,5.043807806,3.787455557,0.178081732,10.07952088,0.48585081,11.01767894,0.735654662,17.17959794,-1.349945523,268.3666166,95.77868307,0,0
player_842296,73.76292779,3026.888003,5.852783316,8.388291641,0.442670466,9.499804366,0.10491535,7.960378791,0.870691939,23.25206851,-1.003246975,241.5449345,15.87482141,0,0
player_696290,28.90076244,1074.910904,1.076332635,7.281001611,0.559239866,14.90254918,0.709572307,12.85728001,0.975284448,22.38942441,-0.925348941,425.4128325,120.8662019,1,0
player_786843,119.583524,7190.964626,10.61806968,2.862659166,0.518852813,3.637755339,1.354728103,8.819267037,0.919003981,7.241012294,1.022637892,268.4402067,79.52192087,0,0
player_786843,65.34617603,8031.639571,14.3088856,3.430026852,2.296164079,5.563791641,2.183322439,10.14196385,2.009209983,1.790278556,0.845465808,566.4450601,148.3589533,0,1
player_696290,85.33602282,6308.961838,7.965885191,6.239032871,1.005855613,7.012878505,1.201079915,9.2942485,0.533970702,2.240169699,-1.305130766,1133.020215,119.188463,1,0
player_786843,41.99020094,5434.173586,2.46020598,5.624736344,0.212759786,14.04531469,0.850872201,13.83861741,1.10427118,22.67618023,1.178110061,541.6846553,234.8635479,1,1
player_696290,52.60938848,3213.529307,0.849405072,4.218269697,0.295683751,17.60737015,0.485509614,15.91260133,1.11750626,22.91490826,-0.447376565,433.6719565,168.543012,1,1
player_842297,37.90116641,4843.946316,8.827498786,1.250282249,2.853135372,4.465445467,2.768264984,3.265902814,1.421735214,1.742592587,0.977533479,578.0642375,138.8667241,0,1
player_696290,53.01074677,8564.350583,1.707201485,6.613574988,0.20629945,10.39075873,0.834578397,14.43008013,0.592214097,22.46509937,0.385490268,323.2128703,154.9299399,1,0
player_601143,76.03460678,9945.162566,5.485474075,15.1307519,0.451803922,15.23883087,0.085336218,11.8148703,1.715577815,20.96337568,-0.622547893,232.7830857,307.3434815,1,0
player_792415,48.33582381,688.2194046,2.071660849,3.275073673,0.702317437,6.256950086,0.411432874,10.63601194,0.529859869,21.79402376,-0.729987521,153.6880248,126.2792116,1,0
player_842297,45.77238822,7346.552614,14.80797436,3.407216335,0.730748374,9.810283123,0.114913005,12.72768778,0.602151751,5.188099343,-0.30710009,719.4913972,180.1281338,0,0
player_696290,24.97980207,2649.388212,4.740294801,5.925061314,0.066550305,9.568481092,0.456432241,17.02001257,0.63039463,21.03193128,-0.93118712,508.8715321,182.2481146,0,0
player_792415,53.57083164,624.4108322,5.818969954,1.395608233,0.404707158,7.709499688,1.074687009,19.16343743,1.551000326,15.52573806,-1.364492284,389.8382085,109.0386331,0,0
player_696290,69.9108081,5537.841295,3.861170489,10.87486227,0.056344137,15.7039392,0.333354677,8.733284058,0.090967947,19.62997154,0.450298676,296.6837431,102.8908396,1,0
player_842297,56.74403443,5564.322066,1.919566364,5.668815365,0.584363758,15.0196894,0.696996755,14.1361605,0.832157934,22.76417703,-0.799624848,490.3914617,194.1983676,1,1
player_696290,78.76163923,4574.149269,7.178942158,1.866401725,1.451252475,7.408028906,0.075981092,10.23328367,1.647029346,20.95846636,-1.345300816,455.6978384,180.637198,0,0
player_696290,60.77986894,1578.363699,13.18305258,3.532984521,0.531032523,4.271688943,1.251913966,11.71514052,0.525945575,9.941692394,-0.320573967,213.2012526,93.88659342,0,1
player_842297,28.55203779,915.6169772,4.141965562,5.302220145,0.417286594,19.55424568,0.380710141,19.22266321,0.508067348,21.20161738,-0.11056008,455.4235875,232.2343627,1,1
player_842296,85.03702077,2820.94691,2.197409432,11.70866564,0.059948511,22.93696116,0.785462764,24.58578299,1.021914798,22.19622671,0.331376489,468.4109601,190.5152659,1,0
player_786843,9.311349675,8002.251892,1.557150919,7.123326025,0.121792821,13.01327793,0.600057188,10.35738311,1.41101925,22.07975702,0.036908242,442.5553012,275.4353993,1,0
player_842297,116.9356712,523.2321844,5.785357297,4.966764204,0.638556203,14.54870803,0.132858489,11.404104,1.548778839,20.7029107,0.176916515,268.5225667,119.9798925,1,0
player_696290,21.56088431,6628.276999,0.86203143,7.181455901,0.247268761,13.16712383,0.075796368,16.48096098,1.319647847,21.9289231,-0.023438317,450.9688235,96.25451126,1,1
player_696290,46.66092607,8005.71534,17.04927489,1.502581562,2.449354489,5.521246454,0.191205343,8.208625483,0.415112881,6.299768782,0.442129216,301.7620932,109.4840507,0,0
player_842297,83.58912055,265.9928574,9.245129431,5.65431011,2.484588466,6.664133619,1.369864156,6.568902559,0.722243404,1.294750881,-0.197347089,511.51888,212.3173583,1,1
player_786843,54.47865681,4658.432099,10.19431799,2.770396806,1.865724653,3.398886801,0.177939609,11.41339506,0.275300585,10.65182014,-0.343644588,337.5501068,106.8817886,0,1
player_696289,52.5071002,1030.751621,6.428288418,4.958164253,2.252650426,7.400646253,0.803150901,11.07121913,1.900559873,3.664204045,-1.198105624,424.7240037,135.2754191,1,1
player_696289,17.72722339,2076.995621,4.007444684,6.459470809,2.010837182,6.635704527,1.213212922,11.20426615,0.938682856,2.062746411,0.279953783,449.881893,130.5018198,1,1
player_842296,25.85437912,25.85437912,1.705136624,5.77617888,0.327437881,14.99355893,0.495494373,18.25177711,0.702391838,21.33620955,-0.033385608,300.107628,179.533417,1,1
player_786843,64.11721524,4979.671769,14.15058799,2.827494962,0.457675526,5.403760875,2.524079892,8.133315267,0.006175553,2.746902774,-0.10525804,502.737251,124.7464172,0,1
player_786843,73.0898129,5582.38967,13.96274232,3.411665266,0.246801411,4.933257125,3.066803187,8.955495324,0.586912892,4.904333911,-0.688813284,494.6165006,97.16341635,0,0
player_601143,32.67348109,7109.517242,3.121187454,3.589920852,0.078639751,10.59276795,0.592442541,15.62691343,0.508661691,20.1752688,-1.50324897,418.3143193,137.8151435,0,1
player_842297,110.0492952,1925.318481,19.34449422,1.47136274,0.895361909,9.917666973,2.663536422,7.334411979,2.036757901,2.36849866,0.709934634,307.51095,261.6224736,0,0
player_601143,28.98182259,7364.558003,2.676757715,3.883363843,0.109176004,15.9211181,0.66808955,17.72416253,0.98989189,25.7564553,-1.497510653,595.9639502,227.1067939,1,0
player_786843,89.80289296,6172.212628,8.135471738,2.813597819,2.068434797,5.955463641,0.608182288,9.259750556,0.469411256,2.855718922,-0.465556598,926.2266781,463.0730206,1,1
player_786843,70.22409979,8616.811474,15.08681904,2.29639697,1.238516875,6.923272515,1.218614863,12.3411834,0.372930357,5.519469024,-0.303699367,321.6783218,171.2308051,0,1
player_786843,92.08449913,6652.800494,11.09865438,1.62519321,0.281733304,8.441314068,1.673450372,8.398888547,1.406311663,4.780430994,-0.220526984,322.9028604,90.56632804,0,0
player_601143,97.86687409,10170.68437,3.399647404,5.910258197,0.844502533,18.00376286,0.115238115,17.89582905,1.799793457,22.11676351,-0.382953181,1012.460041,184.7309086,1,1
player_696289,23.54690558,597.5269479,4.656081146,3.703753522,0.026366152,3.708014945,0.953349093,9.988320328,1.852616745,1.456189823,0.249612238,389.7723195,142.8354332,1,1
player_842297,64.09737157,5752.501565,7.227138714,3.77144731,1.126894769,7.938073712,0.047957755,12.69198444,0.717807276,18.64992233,-1.211114112,357.6397368,111.7998733,0,0
player_842297,59.61773422,1637.098983,6.739843245,12.19000136,0.427682424,16.98993002,1.277094423,11.30523736,0.001278759,22.48563978,0.789416477,382.0033203,64.85809792,1,0
player_842297,31.58073942,1915.133437,2.036260317,4.597243828,0.701814055,17.27401347,0.042932654,16.21126212,0.070406901,21.6650211,-1.109278994,317.3997799,126.2543648,1,0
player_842297,37.84055218,1246.183191,3.569864619,7.076811472,0.107813614,15.60875755,0.548245571,16.15030038,0.756636542,22.45590987,0.032046493,364.7922423,134.6572222,1,0
player_842296,51.04625443,343.8867382,1.786534943,3.500097273,0.607594993,12.4056878,0.451187785,14.50527972,0.24859518,21.6338228,-0.01677221,398.5821293,168.8739655,1,0
player_696290,87.85066459,6479.174344,9.582199868,3.920262161,2.290142261,7.876613201,2.688065627,12.66056098,2.279551754,1.671167564,-0.383204304,535.7361734,531.1034142,0,1
player_786843,37.54818146,8660.040072,1.684011094,5.494311497,0.023338423,15.38712065,0.494021501,14.74320598,0.025189513,23.5313207,-1.092284522,210.2623055,194.9180813,1,0
player_842297,98.85193138,4230.99317,20.3426881,2.885640546,2.654496488,24.35856418,2.462925887,13.17615299,1.592575693,3.252165936,0.836853084,504.7314386,841.3141533,0,1
player_696289,52.813827,4534.159073,1.691295914,2.660297718,1.889949169,4.279627939,0.545589509,4.506623802,2.783802607,1.779169601,1.354675068,308.2612224,138.6011205,0,1
player_786843,41.68226049,8148.626316,3.583777471,4.687189975,0.614730741,18.51511244,0.005732601,15.7860303,0.010466691,20.92261183,0.323286003,416.5604651,172.4567924,1,1
player_601143,55.53575183,13084.75729,13.36742988,0,0,4.380059056,2.3541709,8.995445289,1.980125987,3.078292514,-0.557327301,175.2014236,97.21746299,0,1
player_842297,50.16202108,3324.794469,0.417371866,6.264305211,0.111814465,10.0947218,0.323307558,22.29777535,1.101535552,21.31797435,0.166297575,375.5208956,202.2788499,1,0
player_696290,116.1904212,9057.624682,20.06805671,0.0583226,2.530339246,5.068326329,1.898866747,15.85217353,1.922159157,3.420770804,1.19154664,833.1524309,74.40183249,0,0
player_842297,52.17298563,6999.301646,0.651339541,8.499755854,0.103371744,11.84011752,0.875524735,13.98502475,1.310746149,21.83769158,0.033838788,419.4512485,92.36777045,1,1
player_696290,55.92480233,1779.501619,2.857164754,5.548073082,0.769365877,7.022612131,0.233456583,19.95257898,1.143097481,22.19350739,-0.014420032,568.2952011,132.2482373,1,1
player_842297,75.52443487,219.0574633,9.324953713,1.653446069,0.433808265,3.560065157,0.129478467,3.982166584,0.049365449,8.453912326,-1.252695866,84.04991239,49.23603259,0,1
player_786843,51.55023354,6737.72896,1.006309437,14.66216028,1.079406865,15.32244885,0.335014923,17.38533155,1.418686097,22.630882,-0.094760692,360.742514,154.1962647,1,0
player_601143,78.78682301,9611.251745,12.51543926,1.875481197,1.482398019,4.389493505,1.041946474,6.719828061,0.491487986,1.480451926,-0.182448362,733.7087096,167.0507771,0,1
player_696290,55.25313457,2096.486606,11.92024649,2.134590197,0.52968792,2.212346877,1.290059112,8.701817649,0.291510554,6.158445315,0.458791628,404.3874825,87.01455277,0,0
player_601143,84.70890379,8306.208734,9.367786349,4.667115728,1.448210152,6.769772223,0.389207125,10.21030983,0.534679742,10.91258981,-0.637419472,373.5663286,73.41188569,0,1
player_792415,21.91021739,860.8439445,9.942675976,10.13984568,0.188460783,17.83465312,1.204619412,18.44117133,0.458706134,21.12052326,-0.87054154,591.3499609,227.0870554,1,1
player_601143,64.12212351,8998.784143,1.005191937,3.877872689,0.510620145,10.50320326,0.76951018,14.46847011,0.509130511,20.95807377,-0.03250919,141.2699054,117.4344904,1,0
player_696289,33.46234755,2156.490003,2.873428363,3.704716616,0.57264403,3.826617512,1.409587495,21.97961595,2.260803143,1.616860101,-1.515289931,505.7483695,118.9390545,0,1
player_786843,38.28078008,5254.669869,1.6215157,4.182692741,0.492442599,17.38455461,0.132968286,16.64902288,0.226601351,21.78574741,0.016671304,370.9285006,234.0683217,1,0
player_696290,52.79707296,7153.867773,4.33800432,3.483582789,0.807518117,7.95146134,0.232865587,15.65730602,1.408803866,16.39085675,-0.088285752,557.8647264,132.0651131,0,1
player_842296,90.47177573,436.49273,3.706046985,4.680750664,0.222571773,16.52715175,0.009572897,11.62209433,0.223856478,24.48866206,0.908507051,667.3312423,267.9055425,1,0
player_696290,52.67454778,7342.994367,1.667236059,6.141924154,0.304641795,16.47803693,0.119920823,13.62724931,0.012608978,22.32641098,0.036254251,623.7654874,170.9507747,1,0
player_842297,23.9236253,1378.412641,3.201604521,4.142608325,0.457350111,20.79434163,0.135558293,19.94863955,0.189148002,22.44883256,-0.02123789,563.9268497,263.4412586,1,1
player_601143,86.61318959,11013.00489,1.044635236,2.93341566,0.243032513,16.8880244,0.24055634,8.618165925,0.15912135,20.38375764,-0.013609295,1091.92088,233.4767729,1,0
player_786843,58.86247654,6590.527718,2.478977709,4.884185088,0.237806972,15.04331439,0.209172047,13.82744073,0.198179202,21.88535503,0.239250407,422.4591016,190.4226012,0,0
player_842297,57.59560313,2579.571266,16.83065367,1.992700495,2.130120726,4.041159777,0.003837655,6.075358155,0.61072407,3.806390099,-0.378580826,367.9729293,144.9110994,0,0
player_696290,101.0608158,10476.88564,17.67757565,4.914253474,2.147066532,5.159899769,1.431344659,9.522179426,1.257254865,3.050088742,1.383682278,410.1958807,38.40430689,0,1
player_842297,32.15794201,3418.303202,3.786613949,6.516995126,0.798305287,9.328981672,0.064820318,14.76471495,1.290720861,22.45917801,0.81569301,317.1297715,156.2242765,1,1
player_842297,39.58417938,4636.996498,8.445321548,4.88899006,0.003719945,5.497272514,0.317165308,16.17773076,0.732064317,24.27053448,-1.51505588,573.2141905,157.8753239,0,0
player_601143,4.630001202,13578.13086,2.334449634,4.221034939,0.418004998,14.74956616,0.8652559,20.22219217,1.342942027,21.57525273,0.075265991,564.8100916,209.083838,1,0
player_786843,74.34095822,8902.474399,11.51587173,4.589681473,0.548097082,5.81255907,1.898830134,4.453429303,1.57660021,5.782309916,1.414659094,40.69291634,100.3506436,0,0
player_842296,16.03074757,3832.68861,1.534961148,8.426617837,0.315633653,11.82310666,0.920029368,13.88867305,0.258496622,21.80228144,-0.130286796,387.428937,128.8317039,1,0
player_792415,14.07063009,341.08845,2.716387623,2.820805874,0.34351969,12.98068218,1.344055617,16.54952516,1.679293383,21.6305829,0.13677233,479.8216805,245.7511366,1,0
player_696290,97.09549359,7493.975646,12.0998407,2.754580737,0.088374808,3.119268277,3.066729055,5.628299367,0.20166131,7.12673668,-0.3108042,351.7368413,112.9272485,0,0
player_842297,15.60123535,6984.937282,1.664841217,4.383754269,0.456799603,9.282600174,0.056633398,7.493755086,0.78884586,25.43254916,0.685509489,595.5429281,223.2338997,1,0
player_696290,48.71801947,9902.892945,9.340313301,1.985827552,0.498492786,2.710238245,0.873384867,10.91706886,1.652088087,6.775739117,0.419964691,431.6251482,120.6516122,0,0
player_696290,78.75024664,7464.006813,4.700472925,9.153277146,1.721859572,13.5081193,0.66841775,12.25126563,1.006059736,24.3811267,-0.751833974,443.8974005,186.7958086,1,0
player_696290,68.19914406,5342.210173,8.077756897,3.23177979,0.043620594,6.691538647,2.769537882,12.50046884,0.669419044,8.857793394,-1.269152942,478.2986552,199.5915575,0,0
player_601143,71.20090859,7918.017656,7.246138216,3.463577658,0.911800716,5.483203537,0.018272645,9.188184259,1.937705909,22.56920038,0.791970119,189.131379,160.3872087,1,0
player_842297,40.69058121,8445.488587,3.189382877,7.503773624,0.758896084,16.52610184,0.253375223,16.05294065,0.375798356,21.61581393,-0.009145284,412.0024515,78.25971452,1,1
player_842296,48.10654523,3419.932121,1.472354765,4.773027869,0.448723944,13.36000695,0.26503947,14.40069158,1.305446117,22.437317,0.756099737,570.5992223,172.9542134,1,1
player_601143,92.41324285,12225.5856,19.30355844,2.891204131,0.877691024,9.276404509,2.278941095,8.833862346,2.510356284,3.956070349,1.4139357,524.7992127,523.0538124,0,1
player_601143,13.58376402,9725.976833,1.674750155,4.073368053,0.599490301,14.93600583,0.527131382,17.7797375,0.475957382,21.699147,0.072457937,459.6856374,106.3190396,1,1
player_696289,31.59711566,4079.251261,8.68707563,0.870396258,1.440845344,3.510569319,2.671789759,4.47866547,0.364210012,2.131144702,-0.208974259,196.7618527,123.4454764,0,1
player_696289,53.69379773,1786.06449,0.443355458,2.473031983,3.136212242,3.142610076,0.144433363,2.827114199,1.18855645,1.480365873,0.06035957,354.7711631,64.30820754,0,1
player_786843,30.52267448,5821.103298,1.831457185,4.92817089,0.219675294,11.18673478,0.137036969,12.52987934,0.337091129,23.18958402,-0.81657227,463.6466544,139.8934226,1,0
player_696290,95.93716718,10272.87956,10.63139891,2.296855498,2.687336102,4.504589391,0.777058442,8.006098435,0.474325796,3.261517087,0.950301266,409.4701043,141.0020006,0,1
player_842297,49.53183467,6394.617127,13.59757957,4.864590916,0.890034475,5.496408004,2.404314135,8.618577525,1.858361785,3.198750458,-0.008678498,235.0640573,65.64054856,1,1
player_696289,46.17097501,3784.751958,5.214131619,3.217436242,0.533728331,6.038753792,2.436846491,7.734942767,2.920224658,5.64947163,-1.198854533,391.2320342,124.9232861,0,1
player_601143,41.9119418,10615.83886,2.435245231,2.674111062,0.010390488,7.453924841,0.742212148,5.80145505,1.054091269,21.84447869,0.087953859,264.7496838,148.79251,1,0
player_601143,49.57296102,6870.966548,4.080068846,5.120383011,1.292571707,10.66468908,0.26048644,10.3337555,1.154374299,22.58335014,-1.195565554,532.431261,200.9436704,1,0
player_842297,82.86203379,1367.900493,2.367084152,13.83722655,0.206334127,15.06058424,1.196329886,12.92454612,1.512614515,21.52044343,-0.093541494,450.7818305,154.8479109,1,0
player_696290,35.76753455,5883.831212,4.457595082,7.007685899,0.068114634,8.039289484,0.265143012,12.67099324,0.377209326,22.41448294,0.918054722,436.1673451,100.0967851,0,0
player_696290,52.7694465,1645.883995,5.066888088,2.71068511,0.548002002,11.3935749,0.121390965,10.23511874,0.464222122,17.48237787,0.728702188,394.0797152,109.3071686,0,0
player_786843,56.06528359,7618.291572,3.084078277,6.670088701,0.410735923,12.82841647,0.364834813,16.70809384,0.052413618,22.09372081,0.334746279,416.0906247,31.46216671,1,1
player_696289,32.34621359,1883.567075,3.471410079,3.224860345,1.645980475,6.682153789,0.06765375,10.57360713,0.979203882,2.539081628,-0.175138076,372.8803852,106.5301581,0,0
player_696290,56.57668511,2543.198839,5.208923499,5.1526614,0.302332215,10.59339511,0.960409951,11.8961533,1.51069548,22.50301357,-0.748863278,218.4387097,146.7455016,0,0
player_696290,73.1701351,9834.964885,3.308514391,6.033377905,0.388797979,16.97283321,0.073565992,14.25580812,0.081617268,23.12161575,-0.774985699,295.0118333,140.1880161,1,0
player_842296,32.72895901,3374.546851,0.95930657,8.414071807,0.010745475,15.11372651,0.686152712,18.52626757,0.771845253,23.32235305,0.98926327,411.121174,200.4333137,1,0
player_842297,61.13439579,808.3473504,5.636038777,4.388014034,0.043620573,14.20434075,0.163459257,12.71895965,0.298751642,21.67296654,0.108125182,252.7499999,112.7150438,1,0
player_786843,21.42715069,5639.216561,2.127228555,6.115716397,0.000860002,15.33262422,0.262135667,14.26554985,0.381739424,23.18743825,1.506101115,436.133801,166.0017337,1,0
player_696290,28.75837257,1091.811621,2.214446891,10.73691157,0.15527015,12.30815075,0.599392782,13.94717838,0.16320336,22.14347284,0.004280281,290.1906377,161.4713583,1,1
player_696290,73.93583822,1324.8861,8.583467174,3.006108975,0.049315152,4.980825849,2.676071638,9.631055098,0.483681252,2.282136508,-0.584876824,392.6164719,95.00621102,0,1
player_786843,106.0110693,8748.088474,6.199995265,1.529986741,1.053494436,6.957455968,0.358026451,8.796398074,0.415685608,4.912740398,0.202750442,480.4800889,103.5052553,0,0
player_696289,23.47245956,5675.964931,1.512475112,16.01283229,0.105867005,16.9628648,0.132226074,21.30431334,1.107847356,22.84062724,0.98603526,566.8464068,117.4117996,1,1
player_696290,28.4005326,6968.551691,3.080318709,4.487697217,0.567578378,14.21193302,0.141707806,18.05696976,0.074662056,22.50746237,0.694057972,524.4850438,251.6411074,1,0
player_696290,38.38699348,5198.111866,2.082397164,5.671557673,0.121131369,8.623630746,0.637912313,14.16113745,1.067914695,23.76070726,-0.55215538,364.9182444,132.4898189,1,1
player_842296,50.13612079,2260.451989,2.126682976,6.080216564,0.137767899,15.85488105,0.040126047,16.62297851,0.046259947,21.67254835,-0.60406045,464.0128534,131.120722,1,1
player_696290,51.48344186,5055.523326,3.936084215,5.361977589,0.187393564,15.7513546,0.720290451,19.82780427,0.833746274,23.71379829,-1.361011303,627.3171923,220.7669916,1,1
player_696290,26.12377262,2463.588004,0.709544748,4.009988464,0.104164036,9.971607813,0.149560525,8.359630294,0.866203145,23.80045386,0.517966139,402.0150847,172.6446105,1,0
player_842296,83.36568816,5604.71519,2.698838502,8.978069088,0.07377948,12.23529937,0.660209157,11.0513427,0.102216206,22.60103516,1.261528966,246.525821,97.40193946,1,0
player_696289,20.49192846,3543.401396,0.257978853,0.999738205,1.337452767,2.415240608,1.041406573,16.68418424,1.71388398,1.193401443,-0.378460213,476.9173756,104.1458348,0,0
player_696289,16.9738294,2882.656143,5.514120749,1.581962089,0.07257745,5.41673672,0.047093785,4.678037032,2.821880459,6.695507104,1.07772813,307.9519821,65.95220643,0,0
player_601143,57.70605936,14508.54248,4.000178765,1.339365743,1.586827631,5.991762692,1.22399219,16.40893248,0.426086846,21.00811924,-0.535897101,652.5901446,110.84057,0,0
player_786843,85.01415947,7950.816797,3.397719122,4.983015318,3.134046534,13.43430492,1.273001951,13.43430492,1.273001951,22.31828518,-0.785714992,659.4207479,367.782563,1,1
player_696290,99.75107447,5731.562747,14.53522729,2.240124266,2.795662257,7.910786105,2.283467322,13.4357869,0.969413611,2.156728079,0.368724114,1030.049077,149.1216251,1,1
player_696290,96.66634085,6294.15964,13.87410723,3.62848834,2.544373752,5.517985252,0.933423735,11.67605227,0.345524896,5.837369058,0.2546655,341.27639,94.6673018,0,1
player_601143,94.2682999,10097.76126,5.221724739,3.283448999,0.366976887,15.14007483,1.343506744,9.69789462,0.108707974,20.9532593,-0.14390054,230.0020188,198.8811,1,1
player_601143,53.24846601,13969.63715,1.849322383,4.912862009,0.217209258,6.377934835,3.013008972,9.019806881,0.613379281,4.953776751,-0.503650219,477.9023528,181.6299621,1,1
player_786843,43.43890655,5390.920837,9.571933537,1.310670374,0.107697442,6.132821941,1.1131734,7.963559399,0.030738766,7.326526535,1.006650696,475.0619764,110.9967957,0,0
player_601143,89.2101558,8557.313175,4.758289894,4.929052419,0.021984516,17.74620481,0.158914741,19.9721867,1.188981828,21.50163767,-0.058033733,315.6476023,246.6358565,1,0
player_696290,54.04307842,5862.831968,0.928999282,4.242210376,0.12977304,18.43922788,0.673864556,18.1847132,0.065389052,22.76835498,-0.16596871,485.1045156,182.7712935,1,0
player_842297,100.9829073,954.7206031,9.530876434,3.026266069,1.183074164,5.840295424,0.047255577,11.86347071,1.265831078,0.55790206,-1.362042772,403.3466894,144.0689882,1,1
player_696289,36.37486227,5036.284183,1.891508275,2.409025866,3.012218493,4.45887869,1.575080839,13.26380008,1.844320129,0.858934186,-0.212079667,398.7789809,79.31024228,1,1
player_696289,57.90569677,4075.06752,2.829089179,5.620494283,1.298730361,6.556063235,0.59006142,6.469125005,0.361855056,0.696176535,-0.329922333,333.5399906,88.04283794,1,1
player_696290,105.7635305,2619.655727,1.793506349,4.813060904,0.828121981,9.675560262,0.12731271,5.650946393,0.43164436,21.21002144,-1.42113563,493.0791616,187.0754204,1,0
player_696290,91.53920083,1251.472728,13.00949154,0.455321849,1.8731664,3.063285675,1.790726688,8.654212314,0.89093121,3.008435137,-0.181128945,523.096904,150.5780039,0,1
player_696290,39.68585966,2983.039383,10.20191936,8.146255144,0.063400768,10.77948228,0.082047909,6.759646028,0.211464625,22.77158368,0.45875647,370.1006738,100.0879865,0,0
player_786843,33.34575048,7831.887993,0.738464238,7.812072725,0.284835996,21.00882329,0.693671113,18.55080129,1.324526325,21.63332438,0.056634146,535.4060651,189.1484143,1,0
player_601143,63.68365104,9410.976834,8.793788944,4.441544301,1.876644843,4.484015555,0.147345284,4.740247921,1.308334894,10.31602581,-1.564635,602.4545316,111.5199175,0,1
player_696289,82.73051351,3249.112036,10.38201027,1.624795709,0.248240302,4.133698334,3.021717766,9.569146902,0.187246807,5.993275012,-0.526069072,447.1611215,145.2440898,0,1
player_842297,53.38281077,9234.915494,13.86831285,1.419794031,0.855670899,4.709076857,0.052258902,10.12331249,0.743342468,5.790532647,-0.334036739,226.00009,69.44756224,0,1
player_842297,101.9383904,469.9743436,13.04275454,3.956990431,2.529542406,6.132335169,0.054100455,5.987270838,0.380546125,6.25683285,-1.066682239,366.6287926,130.5517735,0,1
player_786843,95.94199306,5042.134801,15.57866577,7.33340695,1.79538003,8.042999373,1.783528086,9.50958927,1.821273455,1.20577261,-0.709493438,688.0523351,405.3015232,0,1
player_786843,31.61034809,6654.886554,1.323796744,5.883573585,0.151735603,19.23142109,1.029684721,17.80516887,1.411017043,21.9742395,-0.014529797,543.1116026,255.0040955,1,1
player_696289,35.31537681,4907.561587,7.066184566,4.252961146,1.283491494,6.721603578,1.053333142,8.912183814,1.063348372,3.919388167,-0.226897909,133.2424053,84.84724074,1,1