game_number,game_id,opponent,result,start,minutes,fg,fga,fg_pct,two_fg,two_fga,two_pct,three_fg,three_fga,three_pct,ft,fta,ft_pct,PPS_two,PPS_three,PPS,o_reb,d_reb,tot_reb,ast,stl,blk,tov,foul,pts,offball_zone_one,offball_zone_two,offball_zone_three,offball_zone_four,offball_zone_five,ball_one,ball_two,ball_three,ball_four,ball_five,name,position
1,20141114,Presbyterian,W,1,23,9,10,0.9,9,10,0.9,0,0,NaN,1,2,0.5,1.8,NaN,1.9,1,5,6,4,0,1,0,2,19,0.850053317,0.755080665,0.85662834,0.725314807,0.820117296,-0.102347364,0.70116065,0.799289179,1.678273679,NaN,Jahlil Okafor,C
2,20141115,Fairfield,W,1,27,8,10,0.8,8,10,0.8,0,0,NaN,1,3,0.3333333333333333,1.6,NaN,1.7,3,6,9,2,1,2,5,3,17,0.877022113,0.709838565,0.774343881,0.759232927,0.861768273,0.837809684,0.785021075,0.993873777,1.02738887,0.870826454,Jahlil Okafor,C
3,20141118,Michigan State,W,1,30,8,10,0.8,8,10,0.8,0,0,NaN,1,2,0.5,1.6,NaN,1.7,1,4,5,1,2,2,3,4,17,0.932826556,0.836386559,0.870660175,0.855240616,0.90159387,0.508999496,0.726975584,0.882007096,0.815830678,1.030903273,Jahlil Okafor,C
4,20141121,Temple,W,1,27,7,20,0.35,7,20,0.35,0,0,NaN,2,2,1,0.7,NaN,0.8,7,1,8,1,1,2,2,2,16,0.710414593,0.875794077,0.864759442,0.695542851,1.241510772,0.630657298,0.749051371,0.722213112,0.642599046,NaN,Jahlil Okafor,C
5,20141122,Stanford,W,1,34,4,10,0.4,4,10,0.4,0,0,NaN,2,4,0.5,0.8,NaN,1,6,6,12,1,1,1,3,3,10,0.773657068,0.695140953,0.824014128,0.747815887,0.903926828,2.591033653,1.074913593,0.926557092,0.99383623,1.055405638,Jahlil Okafor,C
6,20141126,Furman,W,1,26,12,14,0.8571428571428571,12,14,0.8571428571428571,0,0,NaN,0,1,0,1.7142857142857142,NaN,1.7142857142857142,4,3,7,3,0,2,1,1,24,0.917984921,0.834886725,0.847598802,0.958743665,0.889868726,1.378864027,0.965278686,0.794131381,3.022033209,NaN,Jahlil Okafor,C
7,20141130,Army,W,1,25,8,14,0.5714285714285714,8,14,0.5714285714285714,0,0,NaN,5,9,0.5555555555555556,1.1428571428571428,NaN,1.5,6,2,8,0,1,1,1,0,21,1,0.852306426,0.88149632,0.888377454,0.903207271,2.054791531,0.968912335,0.716867662,0.937800892,NaN,Jahlil Okafor,C
9,20141215,Elon,W,1,29,10,14,0.7142857142857143,10,14,0.7142857142857143,0,0,NaN,5,11,0.45454545454545453,1.4285714285714286,NaN,1.7857142857142858,10,10,20,1,2,3,4,0,25,0.835511035,0.720428563,0.849170375,0.787968489,0.751020566,0.526001731,0.73113866,0.812272458,1.067610378,1.062698756,Jahlil Okafor,C
11,20141229,Toledo,W,1,31,12,15,0.8,12,15,0.8,0,0,NaN,3,6,0.5,1.6,NaN,1.8,2,6,8,1,0,1,3,1,27,1,0.816342607,0.879218902,0.840811435,0.687243185,-1.118354509,0.823933775,0.839114651,1.029520543,NaN,Jahlil Okafor,C
12,20141231,Wofford,W,1,32,11,13,0.8461538461538461,11,13,0.8461538461538461,0,0,NaN,2,5,0.4,1.6923076923076923,NaN,1.8461538461538463,1,7,8,1,2,2,2,1,24,0.878045935,0.848242338,0.835818886,0.720195027,0.966440873,0.600780021,0.724195118,0.854376653,0.842241382,NaN,Jahlil Okafor,C
13,20150103,Boston College,W,1,30,7,11,0.6363636363636364,7,11,0.6363636363636364,0,0,NaN,14,17,0.8235294117647058,1.2727272727272727,NaN,2.5454545454545454,4,4,8,1,0,4,2,3,28,0.830522138,0.759088798,0.859989931,0.779642396,0.822351377,0.672541425,0.782655181,0.838571575,0.975300269,NaN,Jahlil Okafor,C
16,20150113,Miami (FL),L,1,33,6,13,0.46153846153846156,6,13,0.46153846153846156,0,0,NaN,3,5,0.6,0.9230769230769231,NaN,1.1538461538461537,8,7,15,0,0,0,2,2,15,0.738587485,0.845190686,0.892656507,0.78600952,0.70784951,0.693171637,0.872970743,0.828766275,0.632127336,0.933494103,Jahlil Okafor,C
18,20150119,Pitt,W,1,28,5,9,0.5555555555555556,5,9,0.5555555555555556,0,0,NaN,4,6,0.6666666666666666,1.1111111111111112,NaN,1.5555555555555556,1,2,3,5,0,1,2,3,14,1,0.77161395,0.881871622,0.847514565,1.002707988,0.587372071,0.82922601,0.814931035,1.130500219,0.874540209,Jahlil Okafor,C
22,20150204,Georgia Tech,W,1,33,5,12,0.4166666666666667,5,12,0.4166666666666667,0,0,NaN,4,8,0.5,0.8333333333333334,NaN,1.1666666666666667,3,5,8,0,1,2,3,3,14,0.880812314,0.771357472,0.796062634,0.76368163,1.22474036,-0.247829877,0.698005626,0.888547246,0.987930835,0.79779573,Jahlil Okafor,C
23,20150207,Notre Dame,W,1,23,9,11,0.8181818181818182,9,11,0.8181818181818182,0,0,NaN,2,2,1,1.6363636363636365,NaN,1.8181818181818181,4,6,10,0,2,1,3,3,20,1,0.765033324,0.809294562,0.811218292,0.83095295,0.695055604,0.739670924,0.83718079,NaN,1.099537319,Jahlil Okafor,C
26,20150218,UNC,W,1,41,6,11,0.5454545454545454,6,11,0.5454545454545454,0,0,NaN,0,6,0,1.0909090909090908,NaN,1.0909090909090908,4,9,13,3,2,1,5,1,12,1,0.696432606,0.792825575,0.73747234800000006,0.901726832,0.102494255,0.764278563,0.86886189,0.836860483,0.786848909,Jahlil Okafor,C
29,20150304,Wake Forest,W,1,19,2,2,1,2,2,1,0,0,NaN,2,3,0.6666666666666666,2,NaN,3,0,4,4,1,0,0,3,2,6,0.063178186,0.873044787,0.902642512,0.885736174,0.814200779,1.150699791,0.878865679,0.817601342,0.865947448,0.667857923,Jahlil Okafor,C
31,20150312,NC State,W,1,19,5,8,0.625,5,8,0.625,0,0,NaN,0,0,NaN,1.25,NaN,1.25,2,2,4,1,0,1,1,3,10,0.860453914,0.662029514,0.668274626,0.890163692,0.8497442,0.737884424,0.740882771,0.765310522,0.891278084,0.555370767,Jahlil Okafor,C
32,20150313,Notre Dame,L,1,35,13,18,0.7222222222222222,13,18,0.7222222222222222,0,0,NaN,2,8,0.25,1.4444444444444444,NaN,1.5555555555555556,3,5,8,0,1,2,1,3,28,0.776798131,0.772341688,0.888495424,0.855802208,0.897113893,-0.659746963,0.85077048,0.868304465,0.859876283,1.030140871,Jahlil Okafor,C
33,20150320,Robert Morris,W,1,21,9,11,0.8181818181818182,9,11,0.8181818181818182,0,0,NaN,3,6,0.5,1.6363636363636365,NaN,1.9090909090909092,0,3,3,1,1,2,2,0,21,0.738635374,0.584772486,0.501753203,0.566273534,1.281600155,1.486814711,1.140612909,0.991476711,NaN,NaN,Jahlil Okafor,C
34,20150322,San Diego State,W,1,33,12,16,0.75,12,16,0.75,0,0,NaN,2,2,1,1.5,NaN,1.625,1,5,6,2,1,3,2,1,26,0.926856174,0.910484155,0.931604569,0.875372156,0.951353901,0.899385065,0.834377373,0.874575796,0.882104255,0.791904216,Jahlil Okafor,C
1,20141114,Presbyterian,W,1,25,5,11,0.45454545454545453,1,1,1,4,10,0.4,0,0,NaN,2,1.2,1.2727272727272727,1,4,5,5,2,0,0,0,14,NaN,1.18459521,0.598713654,0.903169562,0.85348861,NaN,1.074658898,0.989016405,0.985326459,0.955952361,Quinn Cook,G
2,20141115,Fairfield,W,1,27,7,9,0.7777777777777778,4,5,0.8,3,4,0.75,0,0,NaN,1.6,2.25,1.8888888888888888,0,2,2,4,1,0,1,1,17,0.652845208,0.489063537,0.846691256,0.712671746,0.890524102,NaN,0.47783942,0.797545738,0.883365582,0.963954523,Quinn Cook,G
3,20141118,Michigan State,W,1,36,7,12,0.5833333333333334,4,8,0.5,3,4,0.75,2,2,1,1,2.25,1.5833333333333333,1,2,3,6,1,0,0,2,19,1,0.766337516,0.843820716,1.038429481,0.994153408,0.434192871,0.809499942,0.964964413,1.141922461,1.115708129,Quinn Cook,G
4,20141121,Temple,W,1,34,6,12,0.5,3,4,0.75,3,8,0.375,2,2,1,1.5,1.125,1.4166666666666667,0,5,5,1,2,0,2,2,17,1,0.851605843,0.614088111,0.891874016,0.948411866,0.180324543,1.028917887,1.11130662,0.976909229,1.037480671,Quinn Cook,G
5,20141122,Stanford,W,1,39,5,12,0.4166666666666667,1,3,0.3333333333333333,4,9,0.4444444444444444,4,4,1,0.6666666666666666,1.3333333333333333,1.5,0,3,3,5,1,0,1,2,18,0.669872621,0.625754109,0.681921346,0.817315131,0.94698046,0.600935534,0.850438033,1.215083002,1.06554427,1.046228296,Quinn Cook,G
6,20141126,Furman,W,1,24,4,10,0.4,1,1,1,3,9,0.3333333333333333,0,0,NaN,2,1,1.1,0,3,3,5,1,0,1,2,11,NaN,0.747217651,0.659803052,1.000406044,0.807335842,NaN,NaN,1.571473257,1.152999689,0.922547012,Quinn Cook,G
7,20141130,Army,W,1,30,5,12,0.4166666666666667,4,7,0.5714285714285714,1,5,0.2,2,2,1,1.1428571428571428,0.6,1.0833333333333333,0,2,2,2,3,0,1,1,13,NaN,0.89568802300000006,0.691395766,0.822725923,0.933882023,0.819917666,0.943966213,1.09679734,1.121753946,1.106957155,Quinn Cook,G
9,20141215,Elon,W,1,35,3,9,0.3333333333333333,2,3,0.6666666666666666,1,6,0.16666666666666666,0,0,NaN,1.3333333333333333,0.5,0.7777777777777778,0,2,2,4,1,0,1,1,7,0.46317511,0.797063037,0.932257353,0.894927986,0.920742265,1.780567621,0.983619245,1.091759133,1.088906056,1.07277164,Quinn Cook,G
11,20141229,Toledo,W,1,37,6,12,0.5,4,6,0.6666666666666666,2,6,0.3333333333333333,6,6,1,1.3333333333333333,1,1.6666666666666667,0,1,1,3,0,0,2,4,20,NaN,0.852904215,0.94511028,0.889405446,0.97942155,0.372873277,0.941813562,1.027765943,0.920240395,1.065459243,Quinn Cook,G
12,20141231,Wofford,W,1,35,5,8,0.625,2,2,1,3,6,0.5,2,2,1,2,1.5,1.875,0,1,1,2,1,0,0,1,15,0.73420279,0.907513136,1.162524734,0.994614022,0.959359117,1.074773157,1.262146497,0.89961255,1.00419256,0.97742867,Quinn Cook,G
13,20150103,Boston College,W,1,34,5,14,0.35714285714285715,2,5,0.4,3,9,0.3333333333333333,2,2,1,0.8,1,1.0714285714285714,1,2,3,2,1,0,3,3,15,NaN,0.712745765,0.63114185,0.846532139,0.910428415,NaN,0.735318694,1.121961251,1.119888772,0.957871807,Quinn Cook,G
16,20150113,Miami (FL),L,1,38,7,13,0.5384615384615384,3,6,0.5,4,7,0.5714285714285714,0,0,NaN,1,1.7142857142857142,1.3846153846153846,0,6,6,4,0,0,2,3,18,1,0.726629692,0.778176946,0.911389288,0.806403997,1.128434326,0.760585345,0.977888255,0.98920358,1.043047496,Quinn Cook,G
18,20150119,Pitt,W,1,38,3,10,0.3,2,2,1,1,8,0.125,4,4,1,2,0.375,1.1,1,9,10,2,1,0,1,0,11,1,0.993941244,1.09315575,1.095307109,1.013854909,1.011768766,0.67269047,0.995212137,0.918785926,1.113807869,Quinn Cook,G
22,20150204,Georgia Tech,W,1,37,6,14,0.42857142857142855,5,6,0.8333333333333334,1,8,0.125,4,5,0.8,1.6666666666666667,0.375,1.2142857142857142,0,3,3,4,1,0,0,1,17,1,0.828625924,0.808717488,0.903356377,0.937545848,1.739852791,1.464322367,0.893492659,1.260938358,1.095045378,Quinn Cook,G
23,20150207,Notre Dame,W,1,36,3,8,0.375,1,5,0.2,2,3,0.6666666666666666,0,0,NaN,0.4,2,1,0,1,1,5,1,0,0,3,8,0.851704896,0.816179091,0.712071852,0.955480075,0.970472676,0.80172467,0.758052414,0.966688638,0.996018361,1.085653663,Quinn Cook,G
26,20150218,UNC,W,1,45,7,15,0.4666666666666667,1,6,0.16666666666666666,6,9,0.6666666666666666,2,4,0.5,0.3333333333333333,2,1.4666666666666666,1,3,4,3,0,0,3,3,22,0.544066683,0.802004255,0.820658226,1.090131124,1.106866401,0.837146302,0.690648064,0.887063918,1.03302763,1.070889684,Quinn Cook,G
27,20150221,Clemson,W,1,39,11,18,0.6111111111111112,8,11,0.7272727272727273,3,7,0.42857142857142855,2,2,1,1.4545454545454546,1.2857142857142858,1.5,1,3,4,4,1,0,2,0,27,0.657421499,0.868852243,0.882206243,1.040336605,0.940322844,1.927048385,1.263801989,0.839197599,0.925198875,1.062412245,Quinn Cook,G
30,20150304,Wake Forest,W,1,32,4,12,0.3333333333333333,1,5,0.2,3,7,0.42857142857142855,2,2,1,0.4,1.2857142857142858,1.0833333333333333,0,5,5,2,0,0,2,2,13,0.610309067,0.795710258,0.848208091,1.017507677,0.916411261,0.660849898,0.613566714,0.959213073,0.855682769,1.094520057,Quinn Cook,G
32,20150312,NC State,W,1,26,5,7,0.7142857142857143,3,5,0.6,2,2,1,3,3,1,1.2,3,2.142857142857143,0,2,2,0,1,0,0,1,15,0.853260412,0.836671748,0.89799317,1.038104985,1.007163457,1.512915519,0.673642808,0.920298224,1.020172702,1.094468327,Quinn Cook,G
33,20150313,Notre Dame,L,1,39,2,12,0.16666666666666666,1,4,0.25,1,8,0.125,2,2,1,0.5,0.375,0.5833333333333334,0,2,2,2,1,0,2,4,7,0.894557656,0.775671265,0.891351234,0.964130744,0.861055545,NaN,0.862432113,1.133775798,1.079273917,0.972042008,Quinn Cook,G
34,20150320,Robert Morris,W,1,32,8,12,0.6666666666666666,2,2,1,6,10,0.6,0,0,NaN,2,1.8,1.8333333333333333,1,3,4,5,3,0,1,3,22,1,0.714189799,1.069618809,0.765419026,0.829456316,NaN,2.092901674,1.085622203,0.970848883,0.927110104,Quinn Cook,G
35,20150322,San Diego State,W,1,38,6,13,0.46153846153846156,3,5,0.6,3,8,0.375,0,0,NaN,1.2,1.125,1.1538461538461537,1,4,5,2,0,0,1,0,15,1,0.85105245,0.940044871,0.957203297,0.928031533,0.542594884,0.697542702,0.968608386,0.867472924,1.011293082,Quinn Cook,G
1,20141114,Presbyterian,W,1,20,6,12,0.5,4,9,0.4444444444444444,2,3,0.6666666666666666,1,1,1,0.8888888888888888,2,1.25,2,2,4,1,1,1,3,2,15,NaN,0.860782868,1.104071589,0.858189022,0.770126169,1.131205547,0.849584269,0.987816578,0.973398907,0.866791641,Justise Winslow,F
2,20141115,Fairfield,W,1,21,6,10,0.6,5,8,0.625,1,2,0.5,5,7,0.7142857142857143,1.25,1.5,1.8,2,4,6,2,1,1,1,1,18,1,0.659208278,0.646728138,1.003942955,0.912231831,1.605905829,1.311051385,0.869589788,1.030034593,0.953539806,Justise Winslow,F
3,20141118,Michigan State,W,1,36,4,11,0.36363636363636365,3,9,0.3333333333333333,1,2,0.5,6,9,0.6666666666666666,0.6666666666666666,1.5,1.3636363636363635,1,5,6,3,0,1,2,3,15,1,1.070946689,0.809042516,0.951997832,0.94161405,1.36216187,0.726570337,0.86765392,0.960692599,1.020037114,Justise Winslow,F
4,20141121,Temple,W,1,28,4,8,0.5,3,4,0.75,1,4,0.25,6,9,0.6666666666666666,1.5,0.75,1.875,0,4,4,1,1,0,1,3,15,0.495737423,0.830019896,0.846319481,0.810697787,0.82861538,2.22420403,0.905000785,0.820651,0.793881718,0.813882945,Justise Winslow,F
5,20141122,Stanford,W,1,35,4,10,0.4,2,3,0.6666666666666666,2,7,0.2857142857142857,4,10,0.4,1.3333333333333333,0.8571428571428571,1.4,4,5,9,4,1,1,1,2,14,NaN,0.65867032700000006,0.899366261,0.847015926,0.92060704,NaN,0.810429177,0.820488859,0.864658854,0.928673913,Justise Winslow,F
6,20141126,Furman,W,1,23,2,7,0.2857142857142857,1,4,0.25,1,3,0.3333333333333333,2,4,0.5,0.5,1,1,0,2,2,2,2,0,1,1,7,0.946888501,0.845772822,0.811857705,0.902453882,0.868821471,-0.396980272,1.277308238,0.578957353,0.912213382,0.964045799,Justise Winslow,F
7,20141130,Army,W,1,12,3,4,0.75,2,2,1,1,2,0.5,0,0,NaN,2,1.5,1.75,0,1,1,1,1,0,2,3,7,NaN,0.927240206,0.689391474,0.795118715,0.863045094,1.11848659,1.143140554,0.944457894,1.137832385,0.988430361,Justise Winslow,F
9,20141215,Elon,W,1,27,5,10,0.5,4,6,0.6666666666666666,1,4,0.25,1,4,0.25,1.3333333333333333,0.75,1.2,0,3,3,0,2,0,2,4,12,NaN,0.816560748,1.0445242,0.984672669,0.862825567,0.494274327,1.157707675,1.009920643,0.998075865,1.044394906,Justise Winslow,F
11,20141229,Toledo,W,1,29,4,9,0.4444444444444444,3,7,0.42857142857142855,1,2,0.5,0,1,0,0.8571428571428571,1.5,1,1,4,5,4,1,1,1,3,9,1,0.772706888,0.793841077,0.843306484,0.797009533,1.62069489,0.778764328,0.944548348,0.94253092,0.859626515,Justise Winslow,F
12,20141231,Wofford,W,1,31,5,11,0.45454545454545453,3,7,0.42857142857142855,2,4,0.5,4,4,1,0.8571428571428571,1.5,1.4545454545454546,2,5,7,2,1,0,1,0,16,1,0.893162369,0.708976273,0.839766557,0.69280948,0.742961044,0.813897489,0.933008892,0.87120805,0.832305947,Justise Winslow,F
13,20150103,Boston College,W,1,26,5,7,0.7142857142857143,4,5,0.8,1,2,0.5,2,3,0.6666666666666666,1.6,1.5,1.8571428571428572,1,6,7,4,0,2,1,3,13,0.504174754,0.939226862,1.054475584,0.899937618,0.83440144,0.802537455,0.910883708,0.8272898,0.887006052,0.856515711,Justise Winslow,F
16,20150113,Miami (FL),L,1,27,1,6,0.16666666666666666,1,4,0.25,0,2,0,0,4,0,0.5,0,0.3333333333333333,0,2,2,1,0,1,2,2,2,0.740072859,0.880570587,1.06354515,0.985587361,0.887080383,1.524773218,0.827088617,1.031915298,1.052647187,0.9818831,Justise Winslow,F
18,20150119,Pitt,W,1,22,2,7,0.2857142857142857,0,3,0,2,4,0.5,1,2,0.5,0,1.5,1,0,2,2,1,1,1,1,2,7,0.69519837,0.787177184,0.784917405,0.747339104,1.039721094,NaN,0.669161755,0.989619594,0.987276175,0.947669228,Justise Winslow,F
22,20150204,Georgia Tech,W,1,36,5,6,0.8333333333333334,4,5,0.8,1,1,1,4,7,0.5714285714285714,1.6,3,2.5,3,7,10,3,2,2,1,3,15,0.722181704,0.72847286,0.873192214,0.976330725,0.931795379,0.519920164,0.764260766,1.04990901,1.027224377,1.049012042,Justise Winslow,F
23,20150207,Notre Dame,W,1,31,6,11,0.5454545454545454,5,9,0.5555555555555556,1,2,0.5,6,8,0.75,1.1111111111111112,1.5,1.7272727272727273,4,7,11,4,0,2,3,2,19,1,0.817598877,0.796951925,0.815479041,0.923785926,1.361414477,0.926506065,0.785195306,0.886296421,0.911616795,Justise Winslow,F
26,20150218,UNC,W,1,29,6,10,0.6,5,9,0.5555555555555556,1,1,1,3,6,0.5,1.1111111111111112,3,1.6,1,6,7,2,1,0,1,4,16,0.840681295,0.811955197,0.759135388,0.914706896,0.932576441,1.909155586,0.631048961,0.787618126,0.966950092,0.93727593,Justise Winslow,F
27,20150221,Clemson,W,1,37,8,14,0.5714285714285714,7,13,0.5384615384615384,1,1,1,3,4,0.75,1.0769230769230769,3,1.4285714285714286,1,12,13,1,4,0,3,2,20,1,0.866082582,0.892479759,0.958657185,0.896132575,0.532177021,1.026782134,0.465008984,0.917984118,0.979202375,Justise Winslow,F
30,20150304,Wake Forest,W,1,25,6,8,0.75,5,7,0.7142857142857143,1,1,1,0,0,NaN,1.4285714285714286,3,1.625,2,4,6,7,6,0,3,1,13,1,0.900347494,0.889565294,1.009481985,1.060252772,1.22198835,0.738013768,0.962735128,0.912701827,0.970039287,Justise Winslow,F
32,20150312,NC State,W,1,25,3,7,0.42857142857142855,2,4,0.5,1,3,0.3333333333333333,4,4,1,1,1,1.5714285714285714,0,6,6,1,3,0,1,2,11,0.768905297,0.70156087600000006,0.792830777,0.953192621,0.907609355,1.224557668,0.649459579,0.989141577,0.95904669,0.911590872,Justise Winslow,F
33,20150313,Notre Dame,L,1,30,5,8,0.625,5,8,0.625,0,0,NaN,1,1,1,1.25,NaN,1.375,3,8,11,3,1,1,3,3,11,0.848047306,0.750535645,0.862268751,0.938734576,0.973332614,1.761284788,0.905765049,0.950787927,0.856652791,0.986438711,Justise Winslow,F
34,20150320,Robert Morris,W,1,24,2,4,0.5,1,2,0.5,1,2,0.5,1,2,0.5,1,1.5,1.5,0,11,11,7,0,1,2,2,6,0.71513968000000006,0.626095906,0.832498195,0.953374463,0.833981193,-0.25189054,0.765025397,1.465763836,1.033965352,1.003336555,Justise Winslow,F
35,20150322,San Diego State,W,1,34,6,10,0.6,5,8,0.625,1,2,0.5,0,0,NaN,1.25,1.5,1.3,1,11,12,5,4,3,2,2,13,0.778399828,0.789102564,0.831015616,0.866195252,0.865075345,0.848978907,NaN,0.921655365,0.838938927,0.811393806,Justise Winslow,F
1,20141114,Presbyterian,W,1,23,6,8,0.75,3,4,0.75,3,4,0.75,0,0,NaN,1.5,2.25,1.875,0,2,2,7,0,0,1,0,15,1,1.123194864,0.722670258,0.786526662,0.864815646,NaN,NaN,NaN,0.909931904,0.986244586,Tyus Jones,G
2,20141115,Fairfield,W,1,23,2,5,0.4,2,2,1,0,3,0,2,3,0.6666666666666666,2,0,1.2,1,2,3,5,2,0,2,0,6,0.564592736,0.755722687,0.593101707,0.589173585,0.870373794,NaN,0.902152342,0.958732472,0.928625525,0.939802839,Tyus Jones,G
3,20141118,Michigan State,W,1,31,4,5,0.8,2,2,1,2,3,0.6666666666666666,7,7,1,2,2,3.4,0,0,0,4,2,0,0,0,17,NaN,0.590520056,0.666739059,0.996577996,0.964796151,0.741185119,3.354669254,0.910124161,1.256655677,1.014529422,Tyus Jones,G
4,20141121,Temple,W,1,29,1,7,0.14285714285714285,0,3,0,1,4,0.25,2,2,1,0,0.75,0.7142857142857143,1,4,5,7,3,0,1,1,5,NaN,0.804519323,0.676126594,0.759104271,0.891993216,1.752568256,-0.08992147,0.924124878,1.009418032,1.030240139,Tyus Jones,G
5,20141122,Stanford,W,1,26,0,6,0,0,3,0,0,3,0,3,4,0.75,0,0,0.5,0,3,3,2,3,0,1,2,3,1,0.747503458,0.89156299,0.797411545,0.885886954,-0.793789865,NaN,0.789168807,0.950748175,1.004597278,Tyus Jones,G
6,20141126,Furman,W,1,23,0,2,0,0,1,0,0,1,0,0,0,NaN,0,0,0,0,2,2,7,1,0,2,0,0,0.600345905,1.152505832,0.998135699,0.922176023,0.827260691,0.634143923,NaN,0.898736429,1.002495734,0.928159203,Tyus Jones,G
7,20141130,Army,W,1,34,4,8,0.5,3,4,0.75,1,4,0.25,7,8,0.875,1.5,0.75,2,1,4,5,10,1,0,0,1,16,1,0.757967325,0.701559842,0.606320685,0.755950814,NaN,1.003242272,0.934879753,1.011331772,1.00547102,Tyus Jones,G
9,20141215,Elon,W,1,23,0,1,0,0,1,0,0,0,NaN,4,6,0.6666666666666666,0,NaN,4,1,0,1,4,2,0,4,3,4,0.662003334,0.900370126,0.881332039,1.024418706,0.91780436,NaN,1.046015201,1.040958832,0.919188173,1.091544809,Tyus Jones,G
11,20141229,Toledo,W,1,34,2,3,0.6666666666666666,0,0,NaN,2,3,0.6666666666666666,9,9,1,NaN,2,5,1,3,4,8,2,0,1,0,15,1,0.63259379,0.511252888,0.823126661,0.964774146,NaN,1.481960974,0.635711025,0.962464342,1.108073811,Tyus Jones,G
12,20141231,Wofford,W,1,32,2,4,0.5,1,2,0.5,1,2,0.5,0,0,NaN,1,1.5,1.25,0,6,6,5,4,0,2,3,5,NaN,0.792548843,0.950306294,0.907431508,0.869560061,1.647062607,0.894727298,0.85970386,1.095466187,0.943288125,Tyus Jones,G
13,20150103,Boston College,W,1,27,0,5,0,0,4,0,0,1,0,3,4,0.75,0,0,0.6,0,4,4,3,0,0,2,0,3,NaN,1.072405316,0.987507536,1.016159818,1.006416606,NaN,0.523815001,0.90654674,0.962886463,1.024741889,Tyus Jones,G
16,20150113,Miami (FL),L,1,27,2,9,0.2222222222222222,2,6,0.3333333333333333,0,3,0,2,2,1,0.6666666666666666,0,0.6666666666666666,1,1,2,2,0,0,2,3,6,0.313484343,0.623033109,0.800799778,0.764922182,0.766670704,3.137675404,0.872397494,1.245463613,0.918971027,1.055616284,Tyus Jones,G
18,20150119,Pitt,W,1,38,7,11,0.6363636363636364,3,5,0.6,4,6,0.6666666666666666,4,5,0.8,1.2,2,2,1,1,2,4,0,0,3,1,22,0.37492067,1.054511268,0.926327167,0.955731407,0.966547536,0.569234657,1.082402737,NaN,1.156380453,1.069571216,Tyus Jones,G
22,20150204,Georgia Tech,W,1,38,3,10,0.3,1,6,0.16666666666666666,2,4,0.5,1,2,0.5,0.3333333333333333,1.5,0.9,0,2,2,5,3,0,4,2,9,1,0.605535723,0.830405332,0.767086207,0.877875993,NaN,0.934687106,0.826392408,0.925886776,1.034407391,Tyus Jones,G
23,20150207,Notre Dame,W,1,34,3,4,0.75,1,1,1,2,3,0.6666666666666666,4,6,0.6666666666666666,2,2,3,0,5,5,7,1,0,0,1,12,0.483890539,0.61819498,0.842512343,0.786045131,0.861789541,1.321079638,1.544996806,1.078052891,0.976175624,0.989627442,Tyus Jones,G
26,20150218,UNC,W,1,43,7,16,0.4375,5,11,0.45454545454545453,2,5,0.4,6,7,0.8571428571428571,0.9090909090909091,1.2,1.375,1,6,7,8,1,0,6,2,22,NaN,0.518919138,0.700600445,0.697839413,0.959867406,0.488073931,0.616474183,0.962303927,1.111253964,1.113050389,Tyus Jones,G
27,20150221,Clemson,W,1,39,4,11,0.36363636363636365,3,8,0.375,1,3,0.3333333333333333,2,2,1,0.75,1,1,0,2,2,9,4,0,3,2,11,0.886062378,0.914561431,0.801082602,0.836360721,0.90570532,0.012588726,0.777560561,1.005249357,1.036343958,1.013810954,Tyus Jones,G
30,20150304,Wake Forest,W,1,32,3,8,0.375,1,6,0.16666666666666666,2,2,1,2,3,0.6666666666666666,0.3333333333333333,3,1.25,0,4,4,5,3,0,1,0,10,0.527636234,0.996940468,0.687763863,0.920584031,1.060869244,0.794166671,1.306179121,1.250786,0.9206871,1.158118803,Tyus Jones,G
32,20150312,NC State,W,1,37,3,9,0.3333333333333333,3,7,0.42857142857142855,0,2,0,1,1,1,0.8571428571428571,0,0.7777777777777778,0,0,0,8,1,0,1,0,7,1,0.6974392,0.620839947,0.840611853,1.069445873,2.198177527,0.92298494,0.721239769,0.968734507,1.13907423,Tyus Jones,G
33,20150313,Notre Dame,L,1,40,4,13,0.3076923076923077,3,8,0.375,1,5,0.2,1,1,1,0.75,0.6,0.7692307692307693,0,4,4,5,1,0,4,3,10,1,0.742782819,0.672078701,0.762772172,0.882073795,0.252705215,0.954341187,0.851573875,0.904079295,1.083410189,Tyus Jones,G
34,20150320,Robert Morris,W,1,31,4,7,0.5714285714285714,2,2,1,2,5,0.4,0,0,NaN,2,1.2,1.4285714285714286,0,3,3,7,2,0,1,0,10,NaN,0.807226725,0.889620853,0.996004032,0.837693363,NaN,NaN,1.216894024,1.092048801,0.881925671,Tyus Jones,G
35,20150322,San Diego State,W,1,36,3,9,0.3333333333333333,3,8,0.375,0,1,0,0,0,NaN,0.75,0,0.6666666666666666,0,3,3,6,2,0,2,0,6,0.494852372,0.596846895,0.621546824,0.843833872,0.93550399,1.55237927,0.647897567,1.031419137,0.972015698,1.093930039,Tyus Jones,G
1,20141114,Presbyterian,W,1,16,2,4,0.5,2,4,0.5,0,0,NaN,0,0,NaN,1,NaN,1,6,4,10,0,0,0,1,4,4,0.898473182,0.833835593,0.789687191,0.965591526,1.189974275,NaN,0.852177167,0.835853708,1.352586898,1.475891989,Amile Jefferson,F
2,20141115,Fairfield,W,1,24,5,8,0.625,5,8,0.625,0,0,NaN,5,6,0.8333333333333334,1.25,NaN,1.875,4,5,9,3,1,0,2,1,15,1,0.721207166,0.760433079,0.874402394,0.840356562,-0.25909371,0.351620196,0.612840265,0.604655365,0.786506694,Amile Jefferson,F
3,20141118,Michigan State,W,1,21,2,3,0.6666666666666666,2,3,0.6666666666666666,0,0,NaN,2,4,0.5,1.3333333333333333,NaN,2,1,3,4,0,0,1,1,2,6,NaN,0.689615219,0.882973008,0.885959083,1.018781733,1.464325009,1.418616299,0.645997455,0.677794787,0.892201921,Amile Jefferson,F
4,20141121,Temple,W,1,31,3,5,0.6,3,5,0.6,0,0,NaN,2,5,0.4,1.2,NaN,1.6,4,4,8,1,0,1,0,3,8,0.740159927,0.72082908,0.7108938,0.784169022,0.754046496,0.24064647,0.508879374,1.235092248,0.725288784,1.086009488,Amile Jefferson,F
5,20141122,Stanford,W,1,24,3,6,0.5,3,6,0.5,0,0,NaN,3,4,0.75,1,NaN,1.5,4,3,7,2,2,1,0,3,9,0.668855412,0.634540918,0.640333813,0.73835163,0.748843935,0.752595903,0.293911567,0.900788055,0.66508409,0.674908608,Amile Jefferson,F
6,20141126,Furman,W,1,24,8,9,0.8888888888888888,8,9,0.8888888888888888,0,0,NaN,0,0,NaN,1.7777777777777777,NaN,1.7777777777777777,5,7,12,2,1,1,1,3,16,0.799897574,0.660920627,0.719720993,0.857539851,0.811821734,1.339362325,0.928482446,0.870095487,0.913938438,0.564647173,Amile Jefferson,F
7,20141130,Army,W,1,20,3,3,1,3,3,1,0,0,NaN,1,3,0.3333333333333333,2,NaN,2.3333333333333335,5,7,12,2,0,1,3,3,7,0.729671391,0.688247402,0.877564863,0.895985207,0.97917566,NaN,0.265363319,1.212216844,1.273235548,1.198912373,Amile Jefferson,F
9,20141215,Elon,W,1,22,6,7,0.8571428571428571,6,7,0.8571428571428571,0,0,NaN,1,3,0.3333333333333333,1.7142857142857142,NaN,1.8571428571428572,2,3,5,2,1,0,3,1,13,0.704955773,0.679299125,0.587671924,0.71410333,0.732915934,-1.427736127,0.401147092,0.537453743,0.961514288,0.943366812,Amile Jefferson,F
11,20141229,Toledo,W,1,25,1,2,0.5,1,2,0.5,0,0,NaN,0,1,0,1,NaN,1,3,5,8,2,2,0,1,4,2,0.708317372,0.750523266,0.710869813,0.785327985,0.940181044,6.164559946,2.28988143,0.918355681,0.794538366,0.915559505,Amile Jefferson,F
12,20141231,Wofford,W,1,18,3,6,0.5,3,6,0.5,0,0,NaN,4,6,0.6666666666666666,1,NaN,1.6666666666666667,3,2,5,0,0,0,1,3,10,0.825189602,0.699878249,0.535516131,0.70363375,0.813874038,2.633340155,0.919562684,0.594958048,0.542364825,0.709491839,Amile Jefferson,F
13,20150103,Boston College,W,1,17,2,2,1,2,2,1,0,0,NaN,0,1,0,2,NaN,2,2,2,4,1,0,0,1,2,4,0.897454929,0.80784068,0.886828065,0.825791709,0.855379309,2.557232835,0.666000852,1.486180869,0.975775162,1.020068268,Amile Jefferson,F
16,20150113,Miami (FL),L,1,29,7,9,0.7777777777777778,7,9,0.7777777777777778,0,0,NaN,0,3,0,1.5555555555555556,NaN,1.5555555555555556,6,6,12,1,1,0,2,2,14,1,0.674819717,0.609808457,0.703852469,0.794055255,0.754084712,0.706118837,0.904820586,0.686305419,0.650966812,Amile Jefferson,F
18,20150119,Pitt,W,1,32,2,6,0.3333333333333333,2,6,0.3333333333333333,0,0,NaN,4,4,1,0.6666666666666666,NaN,1.3333333333333333,3,6,9,0,3,1,0,1,8,0.832261126,0.791034047,0.903455968,0.803416676,0.891415663,0.487933361,0.450198928,0.627678549,0.653746997,0.807306957,Amile Jefferson,F
22,20150204,Georgia Tech,W,1,23,3,4,0.75,3,4,0.75,0,0,NaN,0,0,NaN,1.5,NaN,1.5,1,4,5,1,1,0,0,4,6,0.675554014,0.787967925,0.75051316,0.840672194,0.89282512,0.572320087,0.682327366,1.298923755,0.743293211,0.757443883,Amile Jefferson,F
23,20150207,Notre Dame,W,1,20,2,3,0.6666666666666666,2,3,0.6666666666666666,0,0,NaN,3,6,0.5,1.3333333333333333,NaN,2.3333333333333335,1,4,5,0,0,0,2,3,7,0.765450186,0.824367798,0.817225655,0.799948199,0.928408698,-0.040373243,0.605180091,0.729003562,0.713488522,NaN,Amile Jefferson,F
26,20150218,UNC,W,1,29,5,7,0.7142857142857143,5,7,0.7142857142857143,0,0,NaN,3,6,0.5,1.4285714285714286,NaN,1.8571428571428572,2,3,5,1,1,6,1,3,13,0.782369592,0.680705005,0.823645422,0.802728975,0.866138464,0.559943053,0.881612996,0.58852183,0.910167283,1.026260102,Amile Jefferson,F
27,20150221,Clemson,W,1,16,1,2,0.5,1,2,0.5,0,0,NaN,0,0,NaN,1,NaN,1,0,0,0,0,0,0,2,1,2,0.915974763,0.888376489,0.853213252,0.81893618,0.832983368,-0.86215107,0.842672054,0.850015858,0.865202954,NaN,Amile Jefferson,F
30,20150304,Wake Forest,W,0,20,2,2,1,2,2,1,0,0,NaN,0,0,NaN,2,NaN,2,3,2,5,4,1,1,1,1,4,0.732684352,0.834254313,0.689281345,0.86227034,0.81340733,-0.532090001,0.587355303,0.840969515,0.727797192,0.840835046,Amile Jefferson,F
32,20150312,NC State,W,0,20,0,0,NaN,0,0,NaN,0,0,NaN,0,0,NaN,NaN,NaN,NaN,1,3,4,0,1,0,1,0,0,0.881664744,0.886069751,0.833656229,0.921772787,1.087295357,0.234959661,1.019122375,-0.075373028,1.110515532,1.195766065,Amile Jefferson,F
33,20150313,Notre Dame,L,0,12,1,1,1,1,1,1,0,0,NaN,0,0,NaN,2,NaN,2,2,1,3,0,0,1,0,2,2,0.938757286,0.831216498,0.880752615,0.878083003,0.890415873,NaN,NaN,NaN,0.851415156,0.908986914,Amile Jefferson,F
34,20150320,Robert Morris,W,0,29,4,6,0.6666666666666666,4,6,0.6666666666666666,0,0,NaN,2,3,0.6666666666666666,1.3333333333333333,NaN,1.6666666666666667,2,4,6,3,0,0,2,1,10,0.762559442,0.716771915,0.794952155,0.857899984,0.827838625,1.051135217,0.559244834,1.061125084,0.961993067,1.099053052,Amile Jefferson,F
35,20150322,San Diego State,W,0,9,0,0,NaN,0,0,NaN,0,0,NaN,0,0,NaN,NaN,NaN,NaN,0,0,0,0,0,0,0,1,0,0.772836182,0.855779377,0.793124122,0.960526502,0.79933132,NaN,NaN,NaN,NaN,0.762450206,Amile Jefferson,F
1,20141114,Presbyterian,W,0,13,3,4,0.75,1,2,0.5,2,2,1,0,1,0,1,3,2,0,1,1,1,0,0,1,0,8,NaN,0.999782285,1.188202482,1.053677456,0.859712115,NaN,0.880217544,1.444021048,0.778276417,0.913826824,Matt Jones,G
2,20141115,Fairfield,W,0,19,3,4,0.75,2,2,1,1,2,0.5,2,3,0.6666666666666666,2,1.5,2.25,1,4,5,0,2,0,0,3,9,0.882602619,0.787272737,1.025670511,0.999305989,0.886204733,1.652087857,NaN,1.036090912,NaN,0.921359244,Matt Jones,G
3,20141118,Michigan State,W,0,22,1,4,0.25,1,2,0.5,0,2,0,2,2,1,1,0,1,0,0,0,1,0,0,0,3,4,0.703580287,0.838322583,0.8948893,0.885661614,0.87444818,0.904526301,0.727687921,NaN,0.919414211,1.017162141,Matt Jones,G
4,20141121,Temple,W,0,16,1,3,0.3333333333333333,0,0,NaN,1,3,0.3333333333333333,0,0,NaN,NaN,1,1,0,0,0,2,0,0,0,0,3,0.575587771,0.636347916,0.6930844,0.951183979,0.85748582,NaN,0.919488608,0.973678688,0.919599308,0.929454031,Matt Jones,G
5,20141122,Stanford,W,0,18,4,7,0.5714285714285714,2,4,0.5,2,3,0.6666666666666666,0,0,NaN,1,2,1.4285714285714286,0,1,1,0,1,0,2,2,10,0.921399399,0.744832717,0.9111809,0.998010959,0.890274456,1.681683556,0.822878372,0.938328673,0.807496339,0.979549392,Matt Jones,G
6,20141126,Furman,W,0,19,4,5,0.8,0,0,NaN,4,5,0.8,1,2,0.5,NaN,2.4,2.6,0,3,3,2,0,0,0,1,13,1,0.763278006,0.652904523,0.800200904,0.8044345,NaN,0.993001548,0.733083321,1.157698799,0.85657377,Matt Jones,G
7,20141130,Army,W,0,18,2,3,0.6666666666666666,2,2,1,0,1,0,2,3,0.6666666666666666,2,0,2,0,1,1,1,2,0,2,2,6,1,0.892338172,0.704772728,0.810146057,0.697321514,0.767041033,NaN,NaN,0.971031025,1.040989443,Matt Jones,G
9,20141215,Elon,W,0,20,1,6,0.16666666666666666,1,2,0.5,0,4,0,1,1,1,1,0,0.5,0,1,1,0,1,0,2,0,3,1,1.019106633,0.941913859,0.869250753,0.757039933,NaN,1.408477159,0.758604865,1.007003631,0.959842453,Matt Jones,G
11,20141229,Toledo,W,0,17,1,4,0.25,1,3,0.3333333333333333,0,1,0,0,0,NaN,0.6666666666666666,0,0.5,1,1,2,0,1,0,1,2,2,0.875468447,0.670958069,0.874721471,0.889018269,0.806271422,0.440105281,0.880676297,0.958195547,0.918972237,0.79781277,Matt Jones,G
12,20141231,Wofford,W,0,18,0,4,0,0,3,0,0,1,0,2,2,1,0,0,0.5,0,2,2,1,2,0,0,3,2,0.830836774,0.694850874,0.765872449,0.809783735,0.882862962,-0.462202605,NaN,NaN,NaN,0.851963902,Matt Jones,G
13,20150103,Boston College,W,0,27,3,7,0.42857142857142855,1,3,0.3333333333333333,2,4,0.5,0,0,NaN,0.6666666666666666,1.5,1.1428571428571428,4,0,4,1,1,0,0,1,8,0.925120117,0.747247703,0.948287477,0.930666534,0.872363513,0.936349966,NaN,NaN,0.885253894,0.895484414,Matt Jones,G
16,20150113,Miami (FL),L,0,6,0,0,NaN,0,0,NaN,0,0,NaN,1,2,0.5,NaN,NaN,Inf,0,1,1,1,0,0,1,4,1,NaN,1,1.018298041,0.772927946,0.809251914,NaN,NaN,NaN,NaN,0.945950221,Matt Jones,G
18,20150119,Pitt,W,0,10,0,2,0,0,2,0,0,0,NaN,0,0,NaN,0,NaN,0,1,0,1,0,0,0,0,0,0,NaN,0.71890474,0.955674677,0.961214017,0.892038143,0.484981212,NaN,NaN,0.970173385,0.978026027,Matt Jones,G
22,20150204,Georgia Tech,W,0,22,4,9,0.4444444444444444,3,5,0.6,1,4,0.25,2,2,1,1.2,0.75,1.2222222222222223,3,2,5,0,1,0,1,0,11,1,0.883513429,0.805912905,0.831463206,0.847827233,1.314678414,0.862582875,0.90522547,0.979789158,0.873970892,Matt Jones,G
23,20150207,Notre Dame,W,0,27,6,9,0.6666666666666666,3,4,0.75,3,5,0.6,2,2,1,1.5,1.8,1.8888888888888888,0,1,1,1,1,0,0,2,17,0.675424471,0.69771086,0.743077619,0.969269147,0.900344655,NaN,0.996421767,0.706099227,1.064923031,0.953212426,Matt Jones,G
26,20150218,UNC,W,0,27,2,4,0.5,1,3,0.3333333333333333,1,1,1,0,0,NaN,0.6666666666666666,3,1.25,3,2,5,1,1,0,0,3,5,0.2617296,0.830101183,0.778820578,0.833078295,0.853913341,NaN,0.839635737,0.706946055,1.101502401,0.985872563,Matt Jones,G
27,20150221,Clemson,W,1,25,2,7,0.2857142857142857,1,1,1,1,6,0.16666666666666666,0,0,NaN,2,0.5,0.7142857142857143,2,3,5,0,1,0,0,2,5,1,0.940839841,0.782583247,0.819390225,0.809854757,NaN,0.722645905,1.078530789,1.071512172,0.947502132,Matt Jones,G
30,20150304,Wake Forest,W,1,28,7,15,0.4666666666666667,4,5,0.8,3,10,0.3,0,0,NaN,1.6,0.9,1.1333333333333333,1,3,4,2,1,1,1,3,17,0.714262852,0.821338311,0.8270325,0.883953809,0.815656191,0.965112696,0.883400909,1.227646621,0.916066201,0.910261673,Matt Jones,G
32,20150312,NC State,W,1,28,3,5,0.6,2,4,0.5,1,1,1,4,5,0.8,1,3,2.2,0,1,1,0,0,0,0,1,11,0.70104071,0.836884066,0.928562409,0.837159214,0.884455827,2.125864216,1.69783031,1.058434469,0.97640188000000006,1.00414537,Matt Jones,G
33,20150313,Notre Dame,L,1,28,1,4,0.25,0,2,0,1,2,0.5,1,2,0.5,0,1.5,1,1,0,1,0,1,0,0,1,4,0.867248954,0.680279978,0.783877846,0.864722918,0.810859679,-0.14312294,NaN,0.552068572,0.968720453,1.060606141,Matt Jones,G
34,20150320,Robert Morris,W,1,29,2,5,0.4,1,3,0.3333333333333333,1,2,0.5,0,0,NaN,0.6666666666666666,1.5,1,0,1,1,4,1,0,2,1,5,0.746764126,0.789648238,0.704878886,1.007909016,0.9336356,6.499671232,0.879700801,0.949739375,0.965498636,0.959176929,Matt Jones,G
35,20150322,San Diego State,W,1,34,1,5,0.2,0,3,0,1,2,0.5,0,0,NaN,0,1.5,0.6,1,3,4,0,0,0,1,3,3,0.940249632,0.896463625,0.928774701,0.990125882,0.947585631,NaN,0.870399211,1.144238457,0.900445686,1.069162066,Matt Jones,G
1,20141114,Presbyterian,W,0,18,5,7,0.7142857142857143,3,4,0.75,2,3,0.6666666666666666,6,7,0.8571428571428571,1.5,2,2.5714285714285716,0,1,1,3,3,1,1,1,18,NaN,0.916102901,0.905539913,0.857312121,0.880045291,1.125642669,0.990314794,NaN,1.122709736,1.028881671,Grayson Allen,G
2,20141115,Fairfield,W,0,13,3,5,0.6,2,2,1,1,3,0.3333333333333333,2,2,1,2,1,1.8,0,1,1,1,2,0,1,5,9,NaN,0.784014881,0.598613362,1.105211821,0.936021237,1.790657945,NaN,1.32243697,1.028901775,1.049679151,Grayson Allen,G
4,20141121,Temple,W,0,6,1,1,1,0,0,NaN,1,1,1,3,4,0.75,NaN,3,6,0,0,0,0,0,0,0,0,6,NaN,1,0.779000104,0.908625757,0.862186714,NaN,NaN,NaN,NaN,0.839026346,Grayson Allen,G
5,20141126,Furman,W,0,13,2,7,0.2857142857142857,1,2,0.5,1,5,0.2,0,0,NaN,1,0.6,0.7142857142857143,2,1,3,1,0,1,1,3,5,0.808888159,0.930967421,0.782988443,0.733640119,0.76826059,NaN,0.944486487,0.90241084,1.145936251,0.817049127,Grayson Allen,G
6,20141130,Army,W,0,10,0,2,0,0,0,NaN,0,2,0,0,0,NaN,NaN,0,0,0,1,1,1,0,0,0,1,0,0.846349408,0.863510961,0.555231892,0.860643544,0.920546701,NaN,NaN,NaN,0.769115511,0.999588443,Grayson Allen,G
7,20141215,Elon,W,0,8,0,0,NaN,0,0,NaN,0,0,NaN,0,0,NaN,NaN,NaN,NaN,0,1,1,0,1,0,1,0,0,NaN,0.911056632,0.930552513,0.971696046,0.799379124,NaN,NaN,1.237092225,NaN,0.888560547,Grayson Allen,G
9,20141229,Toledo,W,0,3,0,1,0,0,1,0,0,0,NaN,0,0,NaN,0,NaN,0,0,0,0,0,0,0,1,1,0,NaN,0.885788673,0.596174011,0.98123321,1.159903044,NaN,NaN,0.620526808,0.869358677,0.963058758,Grayson Allen,G
10,20141231,Wofford,W,0,4,1,1,1,0,0,NaN,1,1,1,0,0,NaN,NaN,3,3,0,0,0,0,0,0,0,0,3,NaN,0.911874614,0.818592439,0.910190573,0.837472952,NaN,NaN,0.903549789,1.004756527,0.867165372,Grayson Allen,G
11,20150103,Boston College,W,0,6,0,3,0,0,1,0,0,2,0,0,0,NaN,0,0,0,0,0,0,0,0,0,0,1,0,NaN,0.4473366,0.169299231,1.125172762,1.020440147,1.299621041,NaN,NaN,NaN,1.099305967,Grayson Allen,G
14,20150113,Miami (FL),L,0,8,1,2,0.5,1,1,1,0,1,0,2,2,1,2,0,2,1,0,1,0,0,0,1,0,4,NaN,0.631622948,0.4133356,0.762984186,0.95738076,NaN,1.426313621,NaN,0.966490201,1.082561147,Grayson Allen,G
18,20150204,Georgia Tech,W,0,3,0,1,0,0,0,NaN,0,1,0,0,0,NaN,NaN,0,0,1,0,1,0,0,0,0,0,0,NaN,1.382498873,0.332529244,1.222848374,0.832501176,NaN,NaN,NaN,0.914744311,0.985273791,Grayson Allen,G
19,20150207,Notre Dame,W,0,16,1,3,0.3333333333333333,0,1,0,1,2,0.5,2,2,1,0,1.5,1.6666666666666667,0,2,2,1,0,1,0,0,5,NaN,0.838304315,0.958152262,1.139255367,0.954299775,NaN,0.896399897,0.892084577,0.957156151,1.016225331,Grayson Allen,G
22,20150218,UNC,W,0,4,0,2,0,0,2,0,0,0,NaN,2,2,1,0,NaN,1,0,0,0,0,0,0,0,0,2,0.299093934,0.958462335,0.8700533,NaN,0.828078631,0.780961972,1.000581341,NaN,0.854156143,1.091915211,Grayson Allen,G
23,20150221,Clemson,W,0,18,3,5,0.6,2,2,1,1,3,0.3333333333333333,3,3,1,2,1,2,0,2,2,1,0,0,1,3,10,NaN,0.798377636,0.740584941,0.903800285,0.892212797,2.897345138,0.89945005,0.760533167,1.000084185,1.113590764,Grayson Allen,G
26,20150304,Wake Forest,W,0,24,9,11,0.8181818181818182,5,6,0.8333333333333334,4,5,0.8,5,6,0.8333333333333334,1.6666666666666667,2.4,2.4545454545454546,2,2,4,0,0,0,0,3,27,1,0.704135921,0.902498859,1.055571454,1.003488009,0.064597425,0.848852155,0.950107183,1.012144984,1.060189038,Grayson Allen,G
28,20150312,NC State,W,0,21,5,10,0.5,4,6,0.6666666666666666,1,4,0.25,0,0,NaN,1.3333333333333333,0.75,1.1,1,2,3,3,0,2,1,5,11,1,0.70712706,0.778236138,0.851946735,0.960554647,3.563579206,1.099038068,0.757850957,1.039179266,1.087339448,Grayson Allen,G
29,20150313,Notre Dame,L,0,11,0,3,0,0,1,0,0,2,0,0,0,NaN,0,0,0,0,1,1,0,1,0,2,4,0,NaN,0.680228899,0.737133116,1.00949403,0.806374807,0.126397569,NaN,0.981624724,0.99328288,0.908945037,Grayson Allen,G
30,20150320,Robert Morris,W,0,12,0,3,0,0,1,0,0,2,0,1,2,0.5,0,0,0.3333333333333333,0,0,0,0,0,0,0,1,1,1,0.82056507,0.710076484,1.083367872,0.887447472,NaN,NaN,1.091810528,1.572914701,1.14261489,Grayson Allen,G
31,20150322,San Diego State,W,0,9,2,2,1,1,1,1,1,1,1,0,0,NaN,2,3,2.5,0,1,1,0,0,0,0,4,5,1,0.739234303,0.865341435,0.906683325,1.036901007,NaN,0.810845422,0.781901444,0.873926269,0.989630617,Grayson Allen,G
1,20141114,Presbyterian,W,0,18,4,4,1,3,3,1,1,1,1,3,3,1,2,3,3,0,2,2,4,2,1,1,0,12,NaN,0.680674694,0.701313621,0.643529103,0.895868463,2.32500329,0.719715594,1.075621929,1.070471076,1.105062719,Rasheed Sulaimon,G
2,20141115,Fairfield,W,0,18,0,0,NaN,0,0,NaN,0,0,NaN,0,0,NaN,NaN,NaN,NaN,0,0,0,4,1,0,0,1,0,1,0.5220385,0.585100495,0.969341461,1.028692877,NaN,0.952461572,0.893285212,1.083587364,1.028771276,Rasheed Sulaimon,G
3,20141118,Michigan State,W,0,12,1,4,0.25,0,1,0,1,3,0.3333333333333333,0,0,NaN,0,1,0.75,0,1,1,0,1,0,2,0,3,NaN,1.07366903,0.863991065,1.04407106,1.022692915,NaN,0.651535108,0.862230003,0.982623303,1.097763955,Rasheed Sulaimon,G
4,20141121,Temple,W,0,14,1,5,0.2,1,4,0.25,0,1,0,0,2,0,0.5,0,0.4,0,2,2,0,0,0,2,3,2,1,0.650171318,0.773700692,1.045405086,1.023439216,1.279272687,0.720924271,0.679602141,0.935249353,1.006817576,Rasheed Sulaimon,G
5,20141122,Stanford,W,0,19,2,5,0.4,1,2,0.5,1,3,0.3333333333333333,1,3,0.3333333333333333,1,1,1.2,0,1,1,2,0,0,1,0,6,0.739178536,0.496726907,0.924328388,1.108192572,0.937458963,NaN,0.767384354,0.888329007,0.87200241,1.02009557,Rasheed Sulaimon,G
6,20141126,Furman,W,0,19,4,8,0.5,3,4,0.75,1,4,0.25,0,0,NaN,1.5,0.75,1.125,0,2,2,2,0,0,0,2,9,NaN,0.627094817,0.821420955,0.643206482,0.775618213,NaN,1.602755974,0.83974538,1.028615812,0.993679573,Rasheed Sulaimon,G
7,20141130,Army,W,0,26,4,10,0.4,3,6,0.5,1,4,0.25,4,4,1,1,0.75,1.3,0,2,2,2,1,0,0,2,13,1,0.858695524,0.823215171,0.968880302,0.934151745,1.402671604,0.793123669,1.012050397,1.032730905,1.151420805,Rasheed Sulaimon,G
9,20141215,Elon,W,0,26,4,9,0.4444444444444444,3,7,0.42857142857142855,1,2,0.5,2,2,1,0.8571428571428571,1.5,1.2222222222222223,0,3,3,3,2,0,0,3,11,0.665868815,0.920690471,1.004230424,0.821316474,0.946884336,3.032065258,1.156070893,0.884038563,0.967944814,1.026330721,Rasheed Sulaimon,G
11,20141229,Toledo,W,0,18,2,5,0.4,1,2,0.5,1,3,0.3333333333333333,2,3,0.6666666666666666,1,1,1.4,1,1,2,0,0,0,3,3,7,1,0.901143205,0.968637185,0.95681643,0.858738194,1.874760698,0.548489844,0.900367905,1.006159026,0.903942715,Rasheed Sulaimon,G
12,20141231,Wofford,W,0,19,2,4,0.5,1,2,0.5,1,2,0.5,1,2,0.5,1,1.5,1.5,0,2,2,2,0,0,2,3,6,NaN,0.957171829,0.897093323,1.086355559,0.880135244,NaN,0.973136777,0.992747239,1.07474304,0.939704257,Rasheed Sulaimon,G
13,20150103,Boston College,W,0,20,4,7,0.5714285714285714,1,4,0.25,3,3,1,0,0,NaN,0.5,3,1.5714285714285714,0,3,3,2,1,0,1,0,11,1,0.005408296,1.124445429,0.943203666,0.980432881,0.099694503,0.981891491,0.903938773,0.927933161,0.986696052,Rasheed Sulaimon,G
16,20150113,Miami (FL),L,0,26,5,14,0.35714285714285715,3,6,0.5,2,8,0.25,2,2,1,1,0.75,1,0,0,0,3,2,0,3,4,14,1,0.688822926,0.728201526,0.795204424,0.816080809,1.865792787,0.766413148,0.828589389,0.936706426,0.93065575,Rasheed Sulaimon,G
18,20150119,Pitt,W,0,25,4,6,0.6666666666666666,0,1,0,4,5,0.8,1,2,0.5,0,2.4,2.1666666666666665,1,3,4,1,2,0,1,2,13,NaN,0.791385156,0.885433673,0.925684479,1.09046989,NaN,0.867632789,1.016028978,1.012689018,1.109184788,Rasheed Sulaimon,G
1,20141114,Presbyterian,W,0,17,1,2,0.5,0,1,0,1,1,1,2,2,1,0,3,2.5,4,3,7,3,2,0,1,3,5,0.563481211,0.836437644,0.816300339,1.010468052,1.052258055,NaN,0.679534297,0.711075441,0.759316403,NaN,Marshall Plumlee,C
2,20141115,Fairfield,W,0,13,3,3,1,3,3,1,0,0,NaN,2,2,1,2,NaN,2.6666666666666665,1,0,1,0,0,1,0,0,8,0.808479645,0.686186682,0.613512521,0.703038841,0.99580677,0.703630023,1.170547201,0.877734512,0.720096382,0.540502304,Marshall Plumlee,C
3,20141118,Michigan State,W,0,9,0,0,NaN,0,0,NaN,0,0,NaN,0,0,NaN,NaN,NaN,NaN,0,1,1,0,0,1,0,2,0,NaN,0.847883624,0.921019192,1.053356941,0.9228565,NaN,NaN,NaN,NaN,NaN,Marshall Plumlee,C
4,20141121,Temple,W,0,11,1,1,1,1,1,1,0,0,NaN,0,0,NaN,2,NaN,2,1,4,5,1,2,2,1,0,2,0.760894694,0.720238247,0.569044151,0.802574875,0.693501439,NaN,NaN,0.020545154,0.830067952,0.662491154,Marshall Plumlee,C
5,20141122,Stanford,W,0,5,0,0,NaN,0,0,NaN,0,0,NaN,0,0,NaN,NaN,NaN,NaN,1,0,1,0,0,0,0,1,0,0.53336392,0.657327366,0.726565486,0.754381896,0.37604313,NaN,NaN,NaN,0.731938717,0.395267157,Marshall Plumlee,C
6,20141126,Furman,W,0,12,0,0,NaN,0,0,NaN,0,0,NaN,2,2,1,NaN,NaN,Inf,1,1,2,0,0,0,0,1,2,0.860411951,0.738173884,0.782267939,0.92603196,0.992447103,NaN,0.807863943,0.757096448,0.906238041,0.719871122,Marshall Plumlee,C
7,20141130,Army,W,0,13,2,2,1,2,2,1,0,0,NaN,4,4,1,2,NaN,4,3,2,5,0,0,2,1,3,8,0.648762303,0.762916336,0.696744523,0.728745753,0.883206888,0.538596422,0.50468594,0.772007101,0.670156433,1.276007658,Marshall Plumlee,C
9,20141215,Elon,W,0,10,0,0,NaN,0,0,NaN,0,0,NaN,0,0,NaN,NaN,NaN,NaN,0,2,2,0,0,2,0,2,0,0.579107878,0.673674433,0.605254465,0.571082272,0.648905751,NaN,NaN,0.784647393,0.965392946,NaN,Marshall Plumlee,C
11,20141229,Toledo,W,0,6,1,1,1,1,1,1,0,0,NaN,2,4,0.5,2,NaN,4,1,1,2,0,0,0,0,0,4,NaN,0.760490433,0.695372201,0.815190349,0.874553885,2.210146642,0.835542036,0.838934199,1.045728266,NaN,Marshall Plumlee,C
12,20141231,Wofford,W,0,11,0,1,0,0,1,0,0,0,NaN,3,4,0.75,0,NaN,3,1,2,3,0,0,0,0,0,3,0.791994105,0.726328753,0.729098225,0.839738348,0.744078376,1.110331832,NaN,NaN,0.573991385,0.479042221,Marshall Plumlee,C
13,20150103,Boston College,W,0,11,1,1,1,1,1,1,0,0,NaN,1,2,0.5,2,NaN,3,4,2,6,1,1,4,1,0,3,1,0.658758133,0.795603532,0.994757774,1.106709257,NaN,0.906504957,0.532078999,NaN,NaN,Marshall Plumlee,C
16,20150113,Miami (FL),L,0,6,0,0,NaN,0,0,NaN,0,0,NaN,0,0,NaN,NaN,NaN,NaN,0,0,0,0,1,0,0,2,0,0.535455353,0.836829768,0.823410061,0.898056585,1.038498031,NaN,NaN,NaN,0.761171681,NaN,Marshall Plumlee,C
18,20150119,Pitt,W,0,7,1,1,1,1,1,1,0,0,NaN,2,2,1,2,NaN,4,1,0,1,0,0,1,0,4,4,0.794339873,0.772462916,0.755198039,0.968321385,0.862096354,NaN,0.750370957,0.886327277,NaN,NaN,Marshall Plumlee,C
22,20150204,Georgia Tech,W,0,8,0,1,0,0,1,0,0,0,NaN,0,0,NaN,0,NaN,0,1,1,2,0,0,0,0,3,0,NaN,0.78092032199999994,0.751706063,0.860401523,0.990016731,1.01447181,1.238662785,NaN,NaN,NaN,Marshall Plumlee,C
23,20150207,Notre Dame,W,0,11,1,2,0.5,1,2,0.5,0,0,NaN,0,0,NaN,1,NaN,1,1,2,3,0,0,1,1,4,2,1,0.713425983,0.753103471,0.81398365,0.734137716,2.483981271,0.122731614,NaN,NaN,1.316107581,Marshall Plumlee,C
26,20150218,UNC,W,0,7,0,0,NaN,0,0,NaN,0,0,NaN,0,0,NaN,NaN,NaN,NaN,1,1,2,0,0,0,0,0,0,0.761408186,0.867169806,0.673734269,0.793356277,0.940722936,NaN,NaN,NaN,NaN,1.072475027,Marshall Plumlee,C
27,20150221,Clemson,W,0,24,1,1,1,1,1,1,0,0,NaN,1,2,0.5,2,NaN,3,0,3,3,0,0,0,0,3,3,0.642198593,0.75455568,0.739296698,0.803939725,0.692650633,2.231043087,NaN,0.716604141,0.767411729,0.968578355,Marshall Plumlee,C
30,20150304,Wake Forest,W,0,18,1,1,1,1,1,1,0,0,NaN,2,2,1,2,NaN,4,1,3,4,1,1,0,1,2,4,0.760489787,0.775918415,0.743160918,0.754205351,0.9197546,0.685937809,0.812907262,NaN,0.916758698,NaN,Marshall Plumlee,C
32,20150312,NC State,W,0,21,6,6,1,6,6,1,0,0,NaN,0,0,NaN,2,NaN,2,1,1,2,1,1,3,0,3,12,0.793070135,0.495334152,0.565987468,0.860980551,0.924411589,-0.207731577,0.644245601,0.631285348,0.761817725,1.050522988,Marshall Plumlee,C
33,20150313,Notre Dame,L,0,5,1,1,1,1,1,1,0,0,NaN,0,0,NaN,2,NaN,2,1,0,1,0,0,0,0,1,2,0.922765447,0.639944593,0.512645451,0.862291696,0.757236783,NaN,0.760433892,0.753949224,NaN,NaN,Marshall Plumlee,C
34,20150320,Robert Morris,W,0,19,5,6,0.8333333333333334,5,6,0.8333333333333334,0,0,NaN,0,1,0,1.6666666666666667,NaN,1.6666666666666667,5,5,10,1,0,0,1,0,10,0.633602795,0.608098832,0.610288011,0.67670984,0.920475226,0.913260523,-0.302239626,0.833752042,NaN,1.248902678,Marshall Plumlee,C
35,20150322,San Diego State,W,0,7,0,0,NaN,0,0,NaN,0,0,NaN,0,0,NaN,NaN,NaN,NaN,0,0,0,1,0,0,0,1,0,0.654729746,0.866162101,0.714169638,0.769741206,0.726886181,NaN,NaN,NaN,0.686997796,0.611789661,Marshall Plumlee,C
1,20141114,Presbyterian,W,0,19,1,6,0.16666666666666666,0,0,NaN,1,6,0.16666666666666666,0,0,NaN,NaN,0.5,0.5,1,4,5,0,2,0,0,4,3,NaN,0.98531662,0.893188916,1.004657533,0.847753763,NaN,NaN,NaN,NaN,0.658708577,Semi Ojeleye,F
2,20141115,Fairfield,W,0,11,2,5,0.4,0,0,NaN,2,5,0.4,1,2,0.5,NaN,1.2,1.4,0,1,1,0,1,0,0,2,7,1,0.60682809,0.729996599,0.810823037,0.754225069,NaN,NaN,NaN,1.066521795,0.720455798,Semi Ojeleye,F
3,20141118,Michigan State,W,0,2,0,0,NaN,0,0,NaN,0,0,NaN,0,0,NaN,NaN,NaN,NaN,0,1,1,0,0,0,0,0,0,NaN,NaN,NaN,1.217841539,0.808053925,NaN,NaN,NaN,NaN,NaN,Semi Ojeleye,F
4,20141121,Temple,W,0,4,0,2,0,0,0,NaN,0,2,0,0,0,NaN,NaN,0,0,0,0,0,0,0,0,0,2,0,NaN,NaN,0.749667328,0.65615002,0.771667525,NaN,NaN,NaN,NaN,0.794465852,Semi Ojeleye,F
5,20141126,Furman,W,0,15,2,3,0.6666666666666666,1,1,1,1,2,0.5,1,1,1,2,1.5,2,1,2,3,0,0,0,0,2,6,0.570203151,0.703792762,0.892180418,0.78542474,0.758671159,NaN,0.859954442,1.264208607,1.055496767,0.714574564,Semi Ojeleye,F
6,20141130,Army,W,0,12,0,2,0,0,1,0,0,1,0,2,4,0.5,0,0,1,1,3,4,1,0,0,0,1,2,1,0.801607872,1.04039056,0.820313651,0.806542784,NaN,0.786998683,NaN,0.782788216,0.904077796,Semi Ojeleye,F
1,20141114,Presbyterian,W,0,5,0,0,NaN,0,0,NaN,0,0,NaN,0,0,NaN,NaN,NaN,NaN,1,1,2,1,0,0,0,1,0,0.851898641,0.729829393,1.148492139,0.907588821,0.74285216,NaN,NaN,NaN,NaN,0.769124239,Nick Pagliuca,G
2,20141115,Fairfield,W,0,3,1,3,0.3333333333333333,0,0,NaN,1,3,0.3333333333333333,0,0,NaN,NaN,1,1,0,1,1,0,0,0,0,0,3,0.604794461,0.745366023,1.092275459,0.867567192,0.837360358,NaN,NaN,NaN,0.990272744,0.817379085,Nick Pagliuca,G
3,20141126,Furman,W,0,2,0,1,0,0,1,0,0,0,NaN,0,0,NaN,0,NaN,0,0,0,0,0,0,0,0,1,0,NaN,NaN,1.128675313,0.829124704,0.729220348,NaN,NaN,NaN,1.054848483,0.970946395,Nick Pagliuca,G
7,20150312,NC State,W,0,2,0,1,0,0,0,NaN,0,1,0,0,0,NaN,NaN,0,0,0,0,0,0,0,0,0,0,0,NaN,NaN,NaN,1.011201192,1.07145944,NaN,NaN,NaN,NaN,0.866120883,Nick Pagliuca,G
8,20150320,Robert Morris,W,0,2,0,0,NaN,0,0,NaN,0,0,NaN,0,0,NaN,NaN,NaN,NaN,1,0,1,0,0,0,0,0,0,NaN,0.756238487,0.955418507,0.965659533,0.881772324,NaN,NaN,NaN,NaN,NaN,Nick Pagliuca,G
1,20141114,Presbyterian,W,0,3,0,1,0,0,0,NaN,0,1,0,0,0,NaN,NaN,0,0,0,0,0,1,0,0,0,0,0,NaN,NaN,0.84579842,0.767482179,0.718635623,NaN,NaN,NaN,NaN,0.832917678,Sean Kelly,G
6,20150304,Wake Forest,W,0,2,0,0,NaN,0,0,NaN,0,0,NaN,0,0,NaN,NaN,NaN,NaN,0,0,0,0,0,0,0,0,0,NaN,NaN,1.734132009,1.128601595,1.119976971,NaN,NaN,NaN,NaN,NaN,Sean Kelly,G
